Time,JumpHeight
0.0,0.0
0.01,0.007999967871614944
0.02,0.015967807358203356
0.03,0.02390351845976524
0.04,0.03180710117630048
0.05,0.0396785555078093
0.06,0.047517881454291366
0.07,0.055325079015747014
0.08,0.06310014819217602
0.09,0.0708430889835785
0.1,0.07855390138995433
0.11,0.08623258541130363
0.12,0.0938791410476264
0.13,0.10149356829892264
0.14,0.10907586716519224
0.15,0.11662603764643509
0.16,0.12414407974265151
0.17,0.13162999345384152
0.18,0.13908377878000477
0.19,0.1465054357211416
0.2,0.1538949642772518
0.21,0.16125236444833546
0.22,0.1685776362343926
0.23,0.17587077963542308
0.24,0.18313179465142704
0.25,0.19036068128240446
0.26,0.19755743952835525
0.27,0.2047220693892795
0.28,0.21185457086517723
0.29,0.21895494395604842
0.3,0.22602318866189297
0.31,0.233059304982711
0.32,0.24006329291850237
0.33,0.24703515246926722
0.34,0.25397488363500553
0.35000000000000003,0.2608824864157171
0.36,0.26775796081140224
0.37,0.27460130682206085
0.38,0.2814125244476928
0.39,0.2881916136882984
0.4,0.2949385745438773
0.41000000000000003,0.30165340701442955
0.42,0.3083361110999553
0.43,0.3149866868004545
0.44,0.32160513411592717
0.45,0.3281914530463732
0.46,0.3347456435917927
0.47000000000000003,0.3412677057521857
0.48,0.347757639527552
0.49,0.3542154449178918
0.5,0.3606411219232051
0.51,0.3670346705434918
0.52,0.3733960907787519
0.53,0.37972538262898536
0.54,0.3860225460941924
0.55,0.3922875811743728
0.56,0.39852048786952665
0.5700000000000001,0.40472126617965387
0.58,0.41088991610475456
0.59,0.4170264376448287
0.6,0.42313083079987635
0.61,0.42920309556989733
0.62,0.4352432319548918
0.63,0.4412512399548597
0.64,0.447227119569801
0.65,0.45317087079971574
0.66,0.45908249364460385
0.67,0.46496198810446554
0.68,0.4708093541793006
0.6900000000000001,0.476624591869109
0.7000000000000001,0.48240770117389076
0.71,0.4881586820936461
0.72,0.4938775346283749
0.73,0.4995642587780771
0.74,0.5052188545427527
0.75,0.510841321922402
0.76,0.5164316609170244
0.77,0.5219898715266204
0.78,0.5275159537511898
0.79,0.5330099075907325
0.8,0.5384717330452489
0.81,0.5439014301147385
0.8200000000000001,0.5492989987992016
0.8300000000000001,0.5546644390986382
0.84,0.5599977510130482
0.85,0.5652989345424315
0.86,0.5705679896867883
0.87,0.5758049164461188
0.88,0.5810097148204224
0.89,0.5861823848096996
0.9,0.5913229264139501
0.91,0.5964313396331741
0.92,0.6015076244673716
0.93,0.6065517809165424
0.9400000000000001,0.6115638089806867
0.9500000000000001,0.6165437086598045
0.96,0.6214914799538958
0.97,0.6264071228629603
0.98,0.6312906373869984
0.99,0.6361420235260099
1.0,0.6409612812799947
1.01,0.6457484106489532
1.02,0.6505034116328849
1.03,0.6552262842317902
1.04,0.6599170284456688
1.05,0.664575644274521
1.06,0.6692021317183465
1.07,0.6737964907771454
1.08,0.6783587214509179
1.09,0.6828888237396638
1.1,0.687386797643383
1.11,0.6918526431620757
1.12,0.6962863602957419
1.1300000000000001,0.7006879490443814
1.1400000000000001,0.7050574094079944
1.1500000000000001,0.7093947413865809
1.16,0.7136999449801407
1.17,0.717973020188674
1.18,0.7222139670121805
1.19,0.7264227854506609
1.2,0.7305994755041143
1.21,0.7347440371725416
1.22,0.7388564704559419
1.23,0.7429367753543159
1.24,0.7469849518676631
1.25,0.751000999995984
1.26,0.7549849197392782
1.27,0.7589367110975458
1.28,0.7628563740707868
1.29,0.7667439086590013
1.3,0.7705993148621892
1.31,0.7744225926803506
1.32,0.7782137421134855
1.33,0.7819727631615937
1.34,0.7856996558246754
1.35,0.7893944201027305
1.36,0.793057055995759
1.37,0.796687563503761
1.3800000000000001,0.8002859426267365
1.3900000000000001,0.8038521933646853
1.4000000000000001,0.8073863157176074
1.41,0.8108883096855033
1.42,0.8143581752683724
1.43,0.817795912466215
1.44,0.8212015212790309
1.45,0.8245750017068205
1.46,0.8279163537495833
1.47,0.8312255774073196
1.48,0.8345026726800293
1.49,0.8377476395677126
1.5,0.8409604780703691
1.51,0.8441411881879992
1.52,0.8472897699206027
1.53,0.8504062232681796
1.54,0.85349054823073
1.55,0.8565427448082538
1.56,0.859562813000751
1.57,0.8625507528082217
1.58,0.8655065642306657
1.59,0.8684302472680833
1.6,0.8713218019204743
1.61,0.8741812281878386
1.62,0.8770085260701764
1.6300000000000001,0.8798036955674877
1.6400000000000001,0.8825667366797724
1.6500000000000001,0.8852976494070305
1.6600000000000001,0.8879964337492621
1.67,0.890663089706467
1.68,0.8932976172786454
1.69,0.8959000164657973
1.7,0.8984702872679227
1.71,0.9010084296850213
1.72,0.9035144437170936
1.73,0.9059883293641391
1.74,0.9084300866261581
1.75,0.9108397155031506
1.76,0.9132172159951165
1.77,0.9155625881020558
1.78,0.9178758318239686
1.79,0.9201569471608547
1.8,0.9224059341127144
1.81,0.9246227926795474
1.82,0.9268075228613539
1.83,0.9289601246581338
1.84,0.9310805980698873
1.85,0.933168943096614
1.86,0.9352251597383143
1.87,0.937249247994988
1.8800000000000001,0.939241207866635
1.8900000000000001,0.9412010393532556
1.9000000000000001,0.9431287424548496
1.9100000000000001,0.945024317171417
1.92,0.9468877635029578
1.93,0.948719081449472
1.94,0.9505182710109598
1.95,0.9522853321874208
1.96,0.9540202649788555
1.97,0.9557230693852634
1.98,0.957393745406645
1.99,0.9590322930429998
2.0,0.9606387122943281
2.0100000000000002,0.9622130031606299
2.02,0.9637551656419051
2.0300000000000002,0.9652651997381536
2.04,0.9667431054493757
2.05,0.9681888827755711
2.06,0.9696025317167402
2.07,0.9709840522728824
2.08,0.9723334444439982
2.09,0.9736507082300874
2.1,0.97493584363115
2.11,0.9761888506471862
2.12,0.9774097292781957
2.13,0.9785984795241786
2.14,0.979755101385135
2.15,0.9808795948610648
2.16,0.9819719599519681
2.17,0.9830321966578447
2.18,0.9840603049786948
2.19,0.9850562849145185
2.2,0.9860201364653154
2.21,0.9869518596310858
2.22,0.9878514544118296
2.23,0.988718920807547
2.24,0.9895542588182377
2.25,0.9903574684439018
2.2600000000000002,0.9911285496845395
2.27,0.9918675025401504
2.2800000000000002,0.9925743270107349
2.29,0.9932490230962928
2.3000000000000003,0.9938915907968241
2.31,0.9945020301123288
2.32,0.9950803410428071
2.33,0.9956265235882586
2.34,0.9961405777486837
2.35,0.9966225035240822
2.36,0.9970723009144541
2.37,0.9974899699197995
2.38,0.9978755105401184
2.39,0.9982289227754105
2.4,0.9985502066256762
2.41,0.9988393620909153
2.42,0.9990963891711279
2.43,0.9993212878663138
2.44,0.9995140581764732
2.45,0.999674700101606
2.46,0.9998032136417123
2.47,0.999899598796792
2.48,0.9999638555668451
2.49,0.9999959839518717
2.5,0.9999959839518717
2.5100000000000002,0.9999638555668451
2.52,0.999899598796792
2.5300000000000002,0.9998032136417123
2.54,0.999674700101606
2.5500000000000003,0.9995140581764732
2.56,0.9993212878663138
2.57,0.9990963891711279
2.58,0.9988393620909153
2.59,0.9985502066256762
2.6,0.9982289227754105
2.61,0.9978755105401184
2.62,0.9974899699197995
2.63,0.9970723009144542
2.64,0.9966225035240822
2.65,0.9961405777486837
2.66,0.9956265235882586
2.67,0.9950803410428071
2.68,0.9945020301123288
2.69,0.9938915907968241
2.7,0.9932490230962928
2.71,0.9925743270107349
2.72,0.9918675025401504
2.73,0.9911285496845395
2.74,0.9903574684439018
2.75,0.9895542588182377
2.7600000000000002,0.988718920807547
2.77,0.9878514544118296
2.7800000000000002,0.9869518596310858
2.79,0.9860201364653154
2.8000000000000003,0.9850562849145185
2.81,0.9840603049786949
2.82,0.9830321966578447
2.83,0.9819719599519681
2.84,0.9808795948610649
2.85,0.979755101385135
2.86,0.9785984795241786
2.87,0.9774097292781957
2.88,0.9761888506471862
2.89,0.97493584363115
2.9,0.9736507082300874
2.91,0.9723334444439983
2.92,0.9709840522728825
2.93,0.96960253171674
2.94,0.9681888827755711
2.95,0.9667431054493758
2.96,0.9652651997381537
2.97,0.963755165641905
2.98,0.9622130031606299
2.99,0.9606387122943282
3.0,0.9590322930429999
3.0100000000000002,0.9573937454066449
3.02,0.9557230693852635
3.0300000000000002,0.9540202649788556
3.04,0.952285332187421
3.0500000000000003,0.9505182710109598
3.06,0.9487190814494721
3.0700000000000003,0.9468877635029579
3.08,0.945024317171417
3.09,0.9431287424548496
3.1,0.9412010393532556
3.11,0.9392412078666351
3.12,0.937249247994988
3.13,0.9352251597383143
3.14,0.9331689430966141
3.15,0.9310805980698873
3.16,0.9289601246581339
3.17,0.926807522861354
3.18,0.9246227926795475
3.19,0.9224059341127144
3.2,0.9201569471608548
3.21,0.9178758318239686
3.22,0.9155625881020558
3.23,0.9132172159951165
3.24,0.9108397155031506
3.25,0.9084300866261581
3.2600000000000002,0.9059883293641391
3.27,0.9035144437170936
3.2800000000000002,0.9010084296850214
3.29,0.8984702872679227
3.3000000000000003,0.8959000164657973
3.31,0.8932976172786457
3.3200000000000003,0.890663089706467
3.33,0.8879964337492621
3.34,0.8852976494070305
3.35,0.8825667366797725
3.36,0.8798036955674877
3.37,0.8770085260701764
3.38,0.8741812281878386
3.39,0.8713218019204744
3.4,0.8684302472680833
3.41,0.8655065642306657
3.42,0.8625507528082218
3.43,0.8595628130007511
3.44,0.8565427448082538
3.45,0.85349054823073
3.46,0.8504062232681797
3.47,0.8472897699206029
3.48,0.8441411881879992
3.49,0.8409604780703691
3.5,0.8377476395677127
3.5100000000000002,0.8345026726800295
3.52,0.8312255774073196
3.5300000000000002,0.8279163537495835
3.54,0.8245750017068205
3.5500000000000003,0.8212015212790311
3.56,0.8177959124662149
3.5700000000000003,0.8143581752683725
3.58,0.8108883096855034
3.59,0.8073863157176077
3.6,0.8038521933646852
3.61,0.8002859426267366
3.62,0.7966875635037611
3.63,0.7930570559957592
3.64,0.7893944201027305
3.65,0.7856996558246755
3.66,0.7819727631615938
3.67,0.7782137421134856
3.68,0.7744225926803507
3.69,0.7705993148621894
3.7,0.7667439086590014
3.71,0.762856374070787
3.72,0.7589367110975458
3.73,0.7549849197392782
3.74,0.751000999995984
3.75,0.7469849518676632
3.7600000000000002,0.7429367753543159
3.77,0.7388564704559419
3.7800000000000002,0.7347440371725416
3.79,0.7305994755041145
3.8000000000000003,0.7264227854506609
3.81,0.7222139670121808
3.8200000000000003,0.717973020188674
3.83,0.7136999449801407
3.84,0.7093947413865809
3.85,0.7050574094079944
3.86,0.7006879490443816
3.87,0.6962863602957419
3.88,0.6918526431620757
3.89,0.687386797643383
3.9,0.682888823739664
3.91,0.6783587214509179
3.92,0.6737964907771454
3.93,0.6692021317183465
3.94,0.6645756442745212
3.95,0.6599170284456688
3.96,0.6552262842317902
3.97,0.6505034116328852
3.98,0.6457484106489535
3.99,0.6409612812799947
4.0,0.6361420235260101
4.01,0.6312906373869986
4.0200000000000005,0.6264071228629606
4.03,0.6214914799538958
4.04,0.6165437086598045
4.05,0.6115638089806867
4.0600000000000005,0.6065517809165427
4.07,0.6015076244673718
4.08,0.5964313396331744
4.09,0.5913229264139503
4.1,0.5861823848096998
4.11,0.5810097148204223
4.12,0.5758049164461185
4.13,0.5705679896867883
4.14,0.5652989345424317
4.15,0.5599977510130483
4.16,0.5546644390986384
4.17,0.5492989987992017
4.18,0.5439014301147387
4.19,0.5384717330452486
4.2,0.5330099075907324
4.21,0.5275159537511902
4.22,0.5219898715266205
4.23,0.5164316609170245
4.24,0.510841321922402
4.25,0.505218854542753
4.26,0.4995642587780773
4.2700000000000005,0.4938775346283748
4.28,0.48815868209364666
4.29,0.4824077011738913
4.3,0.476624591869109
4.3100000000000005,0.4708093541793006
4.32,0.46496198810446554
4.33,0.45908249364460385
4.34,0.45317087079971574
4.3500000000000005,0.44722711956980066
4.36,0.44125123995486004
4.37,0.4352432319548921
4.38,0.42920309556989733
4.39,0.42313083079987635
4.4,0.4170264376448287
4.41,0.41088991610475456
4.42,0.40472126617965387
4.43,0.398520487869527
4.44,0.3922875811743731
4.45,0.38602254609419273
4.46,0.37972538262898536
4.47,0.3733960907787519
4.48,0.3670346705434918
4.49,0.3606411219232051
4.5,0.35421544491789225
4.51,0.34775763952755245
4.5200000000000005,0.341267705752186
4.53,0.33474564359179315
4.54,0.3281914530463732
4.55,0.32160513411592717
4.5600000000000005,0.3149866868004545
4.57,0.3083361110999553
4.58,0.3016534070144299
4.59,0.2949385745438776
4.6000000000000005,0.2881916136882987
4.61,0.28141252444769327
4.62,0.27460130682206085
4.63,0.26775796081140224
4.64,0.2608824864157171
4.65,0.25397488363500575
4.66,0.24703515246926744
4.67,0.2400632929185026
4.68,0.2330593049827111
4.69,0.22602318866189308
4.7,0.2189549439560482
4.71,0.211854570865177
4.72,0.20472206938928017
4.73,0.19755743952835547
4.74,0.1903606812824047
4.75,0.18313179465142726
4.76,0.1758707796354233
4.7700000000000005,0.1685776362343928
4.78,0.16125236444833535
4.79,0.1538949642772517
4.8,0.14650543572114227
4.8100000000000005,0.139083778780005
4.82,0.13162999345384163
4.83,0.12414407974265174
4.84,0.11662603764643531
4.8500000000000005,0.10907586716519224
4.86,0.1014935682989222
4.87,0.09387914104762685
4.88,0.08623258541130407
4.89,0.07855390138995433
4.9,0.0708430889835785
4.91,0.06310014819217602
4.92,0.055325079015747014
4.93,0.047517881454291366
4.94,0.03967855550780963
4.95,0.03180710117630092
4.96,0.023903518459765682
4.97,0.015967807358203356
4.98,0.007999967871614944
4.99,0.0
5.0,0.0
5.01,0.0
5.0200000000000005,0.0
5.03,0.0
5.04,0.0
5.05,0.0
5.0600000000000005,0.0
5.07,0.0
5.08,0.0
5.09,0.0
5.1000000000000005,0.0
5.11,0.0
5.12,0.0
5.13,0.0
5.14,0.0
5.15,0.0
5.16,0.0
5.17,0.0
5.18,0.0
5.19,0.0
5.2,0.0
5.21,0.0
5.22,0.0
5.23,0.0
5.24,0.0
5.25,0.0
5.26,0.0
5.2700000000000005,0.0
5.28,0.0
5.29,0.0
5.3,0.0
5.3100000000000005,0.0
5.32,0.0
5.33,0.0
5.34,0.0
5.3500000000000005,0.0
5.36,0.0
5.37,0.0
5.38,0.0
5.39,0.0
5.4,0.0
5.41,0.0
5.42,0.0
5.43,0.0
5.44,0.0
5.45,0.0
5.46,0.0
5.47,0.0
5.48,0.0
5.49,0.0
5.5,0.0
5.51,0.0
5.5200000000000005,0.0
5.53,0.0
5.54,0.0
5.55,0.0
5.5600000000000005,0.0
5.57,0.0
5.58,0.0
5.59,0.0
5.6000000000000005,0.0
5.61,0.0
5.62,0.0
5.63,0.0
5.64,0.0
5.65,0.0
5.66,0.0
5.67,0.0
5.68,0.0
5.69,0.0
5.7,0.0
5.71,0.0
5.72,0.0
5.73,0.0
5.74,0.0
5.75,0.0
5.76,0.0
5.7700000000000005,0.0
5.78,0.0
5.79,0.0
5.8,0.0
5.8100000000000005,0.0
5.82,0.0
5.83,0.0
5.84,0.0
5.8500000000000005,0.0
5.86,0.0
5.87,0.0
5.88,0.0
5.89,0.0
5.9,0.0
5.91,0.0
5.92,0.0
5.93,0.0
5.94,0.0
5.95,0.0
5.96,0.0
5.97,0.0
5.98,0.0
5.99,0.0
6.0,0.0
6.01,0.0
6.0200000000000005,0.0
6.03,0.0
6.04,0.0
6.05,0.0
6.0600000000000005,0.0
6.07,0.0
6.08,0.0
6.09,0.0
6.1000000000000005,0.0
6.11,0.0
6.12,0.0
6.13,0.0
6.140000000000001,0.0
6.15,0.0
6.16,0.0
6.17,0.0
6.18,0.0
6.19,0.0
6.2,0.0
6.21,0.0
6.22,0.0
6.23,0.0
6.24,0.0
6.25,0.0
6.26,0.0
6.2700000000000005,0.0
6.28,0.0
6.29,0.0
6.3,0.0
6.3100000000000005,0.0
6.32,0.0
6.33,0.0
6.34,0.0
6.3500000000000005,0.0
6.36,0.0
6.37,0.0
6.38,0.0
6.390000000000001,0.0
6.4,0.0
6.41,0.0
6.42,0.0
6.43,0.0
6.44,0.0
6.45,0.0
6.46,0.0
6.47,0.0
6.48,0.0
6.49,0.0
6.5,0.0
6.51,0.0
6.5200000000000005,0.0
6.53,0.0
6.54,0.0
6.55,0.0
6.5600000000000005,0.0
6.57,0.0
6.58,0.0
6.59,0.0
6.6000000000000005,0.0
6.61,0.0
6.62,0.0
6.63,0.0
6.640000000000001,0.0
6.65,0.0
6.66,0.0
6.67,0.0
6.68,0.0
6.69,0.0
6.7,0.0
6.71,0.0
6.72,0.0
6.73,0.0
6.74,0.0
6.75,0.0
6.76,0.0
6.7700000000000005,0.0
6.78,0.0
6.79,0.0
6.8,0.0
6.8100000000000005,0.0
6.82,0.0
6.83,0.0
6.84,0.0
6.8500000000000005,0.0
6.86,0.0
6.87,0.0
6.88,0.0
6.890000000000001,0.0
6.9,0.0
6.91,0.0
6.92,0.0
6.93,0.0
6.94,0.0
6.95,0.0
6.96,0.0
6.97,0.0
6.98,0.0
6.99,0.0
7.0,0.0
7.01,0.0
7.0200000000000005,0.0
7.03,0.0
7.04,0.0
7.05,0.0
7.0600000000000005,0.0
7.07,0.0
7.08,0.0
7.09,0.0
7.1000000000000005,0.0
7.11,0.0
7.12,0.0
7.13,0.0
7.140000000000001,0.0
7.15,0.0
7.16,0.0
7.17,0.0
7.18,0.0
7.19,0.0
7.2,0.0
7.21,0.0
7.22,0.0
7.23,0.0
7.24,0.0
7.25,0.0
7.26,0.0
7.2700000000000005,0.0
7.28,0.0
7.29,0.0
7.3,0.0
7.3100000000000005,0.0
7.32,0.0
7.33,0.0
7.34,0.0
7.3500000000000005,0.0
7.36,0.0
7.37,0.0
7.38,0.0
7.390000000000001,0.0
7.4,0.0
7.41,0.0
7.42,0.0
7.43,0.0
7.44,0.0
7.45,0.0
7.46,0.0
7.47,0.0
7.48,0.0
7.49,0.0
7.5,0.0
7.51,0.0
7.5200000000000005,0.0
7.53,0.0
7.54,0.0
7.55,0.0
7.5600000000000005,0.0
7.57,0.0
7.58,0.0
7.59,0.0
7.6000000000000005,0.0
7.61,0.0
7.62,0.0
7.63,0.0
7.640000000000001,0.0
7.65,0.0
7.66,0.0
7.67,0.0
7.68,0.0
7.69,0.0
7.7,0.0
7.71,0.0
7.72,0.0
7.73,0.0
7.74,0.0
7.75,0.0
7.76,0.0
7.7700000000000005,0.0
7.78,0.0
7.79,0.0
7.8,0.0
7.8100000000000005,0.0
7.82,0.0
7.83,0.0
7.84,0.0
7.8500000000000005,0.0
7.86,0.0
7.87,0.0
7.88,0.0
7.890000000000001,0.0
7.9,0.0
7.91,0.0
7.92,0.0
7.930000000000001,0.0
7.94,0.0
7.95,0.0
7.96,0.0
7.97,0.0
7.98,0.0
7.99,0.0
8.0,0.0
8.01,0.0
8.02,0.0
8.03,0.0
8.040000000000001,0.0
8.05,0.0
8.06,0.0
8.07,0.0
8.08,0.0
8.09,0.0
8.1,0.0
8.11,0.0
8.120000000000001,0.0
8.13,0.0
8.14,0.0
8.15,0.0
8.16,0.0
8.17,0.0
8.18,0.0
8.19,0.0
8.2,0.0
8.21,0.0
8.22,0.0
8.23,0.0
8.24,0.0
8.25,0.0
8.26,0.0
8.27,0.0
8.28,0.0
8.290000000000001,0.0
8.3,0.0
8.31,0.0
8.32,0.0
8.33,0.0
8.34,0.0
8.35,0.0
8.36,0.0
8.370000000000001,0.0
8.38,0.0
8.39,0.0
8.4,0.0
8.41,0.0
8.42,0.0
8.43,0.0
8.44,0.0
8.45,0.0
8.46,0.0
8.47,0.0
8.48,0.0
8.49,0.0
8.5,0.0
8.51,0.0
8.52,0.0
8.53,0.0
8.540000000000001,0.0
8.55,0.0
8.56,0.0
8.57,0.0
8.58,0.0
8.59,0.0
8.6,0.0
8.61,0.0
8.620000000000001,0.0
8.63,0.0
8.64,0.0
8.65,0.0
8.66,0.0
8.67,0.0
8.68,0.0
8.69,0.0
8.700000000000001,0.0
8.71,0.0
8.72,0.0
8.73,0.0
8.74,0.0
8.75,0.0
8.76,0.0
8.77,0.0
8.78,0.0
8.790000000000001,0.0
8.8,0.0
8.81,0.0
8.82,0.0
8.83,0.0
8.84,0.0
8.85,0.0
8.86,0.0
8.870000000000001,0.0
8.88,0.0
8.89,0.0
8.9,0.0
8.91,0.0
8.92,0.0
8.93,0.0
8.94,0.0
8.950000000000001,0.0
8.96,0.0
8.97,0.0
8.98,0.0
8.99,0.0
9.0,0.0
9.01,0.0
9.02,0.0
9.03,0.0
9.040000000000001,0.0
9.05,0.0
9.06,0.0
9.07,0.0
9.08,0.0
9.09,0.0
9.1,0.0
9.11,0.0
9.120000000000001,0.0
9.13,0.0
9.14,0.0
9.15,0.0
9.16,0.0
9.17,0.0
9.18,0.0
9.19,0.0
9.200000000000001,0.0
9.21,0.0
9.22,0.0
9.23,0.0
9.24,0.0
9.25,0.0
9.26,0.0
9.27,0.0
9.28,0.0
9.290000000000001,0.0
9.3,0.0
9.31,0.0
9.32,0.0
9.33,0.0
9.34,0.0
9.35,0.0
9.36,0.0
9.370000000000001,0.0
9.38,0.0
9.39,0.0
9.4,0.0
9.41,0.0
9.42,0.0
9.43,0.0
9.44,0.0
9.450000000000001,0.0
9.46,0.0
9.47,0.0
9.48,0.0
9.49,0.0
9.5,0.0
9.51,0.0
9.52,0.0
9.53,0.0
9.540000000000001,0.0
9.55,0.0
9.56,0.0
9.57,0.0
9.58,0.0
9.59,0.0
9.6,0.0
9.61,0.0
9.620000000000001,0.0
9.63,0.0
9.64,0.0
9.65,0.0
9.66,0.0
9.67,0.0
9.68,0.0
9.69,0.0
9.700000000000001,0.0
9.71,0.0
9.72,0.0
9.73,0.0
9.74,0.0
9.75,0.0
9.76,0.0
9.77,0.0
9.78,0.0
9.790000000000001,0.0
9.8,0.0
9.81,0.0
9.82,0.0
9.83,0.0
9.84,0.0
9.85,0.0
9.86,0.0
9.870000000000001,0.0
9.88,0.0
9.89,0.0
9.9,0.0
9.91,0.0
9.92,0.0
9.93,0.0
9.94,0.0
9.950000000000001,0.0
9.96,0.0
9.97,0.0
9.98,0.0
9.99,0.0
10.0,0.0
10.01,0.0
10.02,0.0
10.03,0.0
10.040000000000001,0.0
10.05,0.0
10.06,0.0
10.07,0.0
10.08,0.0
10.09,0.0
10.1,0.0
10.11,0.0
10.120000000000001,0.0
10.13,0.0
10.14,0.0
10.15,0.0
10.16,0.0
10.17,0.0
10.18,0.0
10.19,0.0
10.200000000000001,0.0
10.21,0.0
10.22,0.0
10.23,0.0
10.24,0.0
10.25,0.0
10.26,0.0
10.27,0.0
10.28,0.0
10.290000000000001,0.0
10.3,0.0
10.31,0.0
10.32,0.0
10.33,0.0
10.34,0.0
10.35,0.0
10.36,0.0
10.370000000000001,0.0
10.38,0.0
10.39,0.0
10.4,0.0
10.41,0.0
10.42,0.0
10.43,0.0
10.44,0.0
10.450000000000001,0.0
10.46,0.0
10.47,0.0
10.48,0.0
10.49,0.0
10.5,0.0
10.51,0.0
10.52,0.0
10.53,0.0
10.540000000000001,0.0
10.55,0.0
10.56,0.0
10.57,0.0
10.58,0.0
10.59,0.0
10.6,0.0
10.61,0.0
10.620000000000001,0.0
10.63,0.0
10.64,0.0
10.65,0.0
10.66,0.0
10.67,0.0
10.68,0.0
10.69,0.0
10.700000000000001,0.0
10.71,0.0
10.72,0.0
10.73,0.0
10.74,0.0
10.75,0.0
10.76,0.0
10.77,0.0
10.78,0.0
10.790000000000001,0.0
10.8,0.0
10.81,0.0
10.82,0.0
10.83,0.0
10.84,0.0
10.85,0.0
10.86,0.0
10.870000000000001,0.0
10.88,0.0
10.89,0.0
10.9,0.0
10.91,0.0
10.92,0.0
10.93,0.0
10.94,0.0
10.950000000000001,0.0
10.96,0.0
10.97,0.0
10.98,0.0
10.99,0.0
11.0,0.0
11.01,0.0
11.02,0.0
11.03,0.0
11.040000000000001,0.0
11.05,0.0
11.06,0.0
11.07,0.0
11.08,0.0
11.09,0.0
11.1,0.0
11.11,0.0
11.120000000000001,0.0
11.13,0.0
11.14,0.0
11.15,0.0
11.16,0.0
11.17,0.0
11.18,0.0
11.19,0.0
11.200000000000001,0.0
11.21,0.0
11.22,0.0
11.23,0.0
11.24,0.0
11.25,0.0
11.26,0.0
11.27,0.0
11.28,0.0
11.290000000000001,0.0
11.3,0.0
11.31,0.0
11.32,0.0
11.33,0.0
11.34,0.0
11.35,0.0
11.36,0.0
11.370000000000001,0.0
11.38,0.0
11.39,0.0
11.4,0.0
11.41,0.0
11.42,0.0
11.43,0.0
11.44,0.0
11.450000000000001,0.0
11.46,0.0
11.47,0.0
11.48,0.0
11.49,0.0
11.5,0.0
11.51,0.0
11.52,0.0
11.53,0.0
11.540000000000001,0.0
11.55,0.0
11.56,0.0
11.57,0.0
11.58,0.0
11.59,0.0
11.6,0.0
11.61,0.0
11.620000000000001,0.0
11.63,0.0
11.64,0.0
11.65,0.0
11.66,0.0
11.67,0.0
11.68,0.0
11.69,0.0
11.700000000000001,0.0
11.71,0.0
11.72,0.0
11.73,0.0
11.74,0.0
11.75,0.0
11.76,0.0
11.77,0.0
11.78,0.0
11.790000000000001,0.0
11.8,0.0
11.81,0.0
11.82,0.0
11.83,0.0
11.84,0.0
11.85,0.0
11.86,0.0
11.870000000000001,0.0
11.88,0.0
11.89,0.0
11.9,0.0
11.91,0.0
11.92,0.0
11.93,0.0
11.94,0.0
11.950000000000001,0.0
11.96,0.0
11.97,0.0
11.98,0.0
11.99,0.0
12.0,0.0
12.01,0.0
12.02,0.0
12.030000000000001,0.0
12.040000000000001,0.0
12.05,0.0
12.06,0.0
12.07,0.0
12.08,0.0
12.09,0.0
12.1,0.0
12.11,0.0
12.120000000000001,0.0
12.13,0.0
12.14,0.0
12.15,0.0
12.16,0.0
12.17,0.0
12.18,0.0
12.19,0.0
12.200000000000001,0.0
12.21,0.0
12.22,0.0
12.23,0.0
12.24,0.0
12.25,0.0
12.26,0.0
12.27,0.0
12.280000000000001,0.0
12.290000000000001,0.0
12.3,0.0
12.31,0.0
12.32,0.0
12.33,0.0
12.34,0.0
12.35,0.0
12.36,0.0
12.370000000000001,0.0
12.38,0.0
12.39,0.0
12.4,0.0
12.41,0.0
12.42,0.0
12.43,0.0
12.44,0.0
12.450000000000001,0.0
12.46,0.0
12.47,0.0
12.48,0.0
12.49,0.0
12.5,0.0
12.51,0.0
12.52,0.0
12.530000000000001,0.0
12.540000000000001,0.0
12.55,0.0
12.56,0.0
12.57,0.0
12.58,0.0
12.59,0.0
12.6,0.0
12.61,0.0
12.620000000000001,0.0
12.63,0.0
12.64,0.0
12.65,0.0
12.66,0.0
12.67,0.0
12.68,0.0
12.69,0.0
12.700000000000001,0.0
12.71,0.0
12.72,0.0
12.73,0.0
12.74,0.0
12.75,0.0
12.76,0.0
12.77,0.0
12.780000000000001,0.0
12.790000000000001,0.0
12.8,0.0
12.81,0.0
12.82,0.0
12.83,0.0
12.84,0.0
12.85,0.0
12.86,0.0
12.870000000000001,0.0
12.88,0.0
12.89,0.0
12.9,0.0
12.91,0.0
12.92,0.0
12.93,0.0
12.94,0.0
12.950000000000001,0.0
12.96,0.0
12.97,0.0
12.98,0.0
12.99,0.0
13.0,0.0
13.01,0.0
13.02,0.0
13.030000000000001,0.0
13.040000000000001,0.0
13.05,0.0
13.06,0.0
13.07,0.0
13.08,0.0
13.09,0.0
13.1,0.0
13.11,0.0
13.120000000000001,0.0
13.13,0.0
13.14,0.0
13.15,0.0
13.16,0.0
13.17,0.0
13.18,0.0
13.19,0.0
13.200000000000001,0.0
13.21,0.0
13.22,0.0
13.23,0.0
13.24,0.0
13.25,0.0
13.26,0.0
13.27,0.0
13.280000000000001,0.0
13.290000000000001,0.0
13.3,0.0
13.31,0.0
13.32,0.0
13.33,0.0
13.34,0.0
13.35,0.0
13.36,0.0
13.370000000000001,0.0
13.38,0.0
13.39,0.0
13.4,0.0
13.41,0.0
13.42,0.0
13.43,0.0
13.44,0.0
13.450000000000001,0.0
13.46,0.0
13.47,0.0
13.48,0.0
13.49,0.0
13.5,0.0
13.51,0.0
13.52,0.0
13.530000000000001,0.0
13.540000000000001,0.0
13.55,0.0
13.56,0.0
13.57,0.0
13.58,0.0
13.59,0.0
13.6,0.0
13.61,0.0
13.620000000000001,0.0
13.63,0.0
13.64,0.0
13.65,0.0
13.66,0.0
13.67,0.0
13.68,0.0
13.69,0.0
13.700000000000001,0.0
13.71,0.0
13.72,0.0
13.73,0.0
13.74,0.0
13.75,0.0
13.76,0.0
13.77,0.0
13.780000000000001,0.0
13.790000000000001,0.0
13.8,0.0
13.81,0.0
13.82,0.0
13.83,0.0
13.84,0.0
13.85,0.0
13.86,0.0
13.870000000000001,0.0
13.88,0.0
13.89,0.0
13.9,0.0
13.91,0.0
13.92,0.0
13.93,0.0
13.94,0.0
13.950000000000001,0.0
13.96,0.0
13.97,0.0
13.98,0.0
13.99,0.0
14.0,0.0
14.01,0.0
14.02,0.0
14.030000000000001,0.0
14.040000000000001,0.0
14.05,0.0
14.06,0.0
14.07,0.0
14.08,0.0
14.09,0.0
14.1,0.0
14.11,0.0
14.120000000000001,0.0
14.13,0.0
14.14,0.0
14.15,0.0
14.16,0.0
14.17,0.0
14.18,0.0
14.19,0.0
14.200000000000001,0.0
14.21,0.0
14.22,0.0
14.23,0.0
14.24,0.0
14.25,0.0
14.26,0.0
14.27,0.0
14.280000000000001,0.0
14.290000000000001,0.0
14.3,0.0
14.31,0.0
14.32,0.0
14.33,0.0
14.34,0.0
14.35,0.0
14.36,0.0
14.370000000000001,0.0
14.38,0.0
14.39,0.0
14.4,0.0
14.41,0.0
14.42,0.0
14.43,0.0
14.44,0.0
14.450000000000001,0.0
14.46,0.0
14.47,0.0
14.48,0.0
14.49,0.0
14.5,0.0
14.51,0.0
14.52,0.0
14.530000000000001,0.0
14.540000000000001,0.0
14.55,0.0
14.56,0.0
14.57,0.0
14.58,0.0
14.59,0.0
14.6,0.0
14.61,0.0
14.620000000000001,0.0
14.63,0.0
14.64,0.0
14.65,0.0
14.66,0.0
14.67,0.0
14.68,0.0
14.69,0.0
14.700000000000001,0.0
14.71,0.0
14.72,0.0
14.73,0.0
14.74,0.0
14.75,0.0
14.76,0.0
14.77,0.0
14.780000000000001,0.0
14.790000000000001,0.0
14.8,0.0
14.81,0.0
14.82,0.0
14.83,0.0
14.84,0.0
14.85,0.0
14.86,0.0
14.870000000000001,0.0
14.88,0.0
14.89,0.0
14.9,0.0
14.91,0.0
14.92,0.0
14.93,0.0
14.94,0.0
14.950000000000001,0.0
14.96,0.0
14.97,0.0
14.98,0.0
14.99,0.0
15.0,0.0
15.01,0.007999967871614944
15.02,0.015967807358203356
15.030000000000001,0.02390351845976524
15.040000000000001,0.03180710117630048
15.05,0.0396785555078093
15.06,0.047517881454291366
15.07,0.055325079015747014
15.08,0.06310014819217602
15.09,0.0708430889835785
15.1,0.07855390138995433
15.11,0.08623258541130363
15.120000000000001,0.0938791410476264
15.13,0.10149356829892264
15.14,0.10907586716519224
15.15,0.11662603764643509
15.16,0.12414407974265151
15.17,0.13162999345384152
15.18,0.13908377878000477
15.19,0.1465054357211416
15.200000000000001,0.1538949642772518
15.21,0.16125236444833546
15.22,0.1685776362343926
15.23,0.17587077963542308
15.24,0.18313179465142704
15.25,0.19036068128240446
15.26,0.19755743952835525
15.27,0.2047220693892795
15.280000000000001,0.21185457086517723
15.290000000000001,0.21895494395604842
15.3,0.22602318866189297
15.31,0.233059304982711
15.32,0.24006329291850237
15.33,0.24703515246926722
15.34,0.25397488363500553
15.35,0.2608824864157171
15.36,0.26775796081140224
15.370000000000001,0.27460130682206085
15.38,0.2814125244476928
15.39,0.2881916136882984
15.4,0.2949385745438773
15.41,0.30165340701442955
15.42,0.3083361110999553
15.43,0.3149866868004545
15.44,0.32160513411592717
15.450000000000001,0.3281914530463732
15.46,0.3347456435917927
15.47,0.3412677057521857
15.48,0.347757639527552
15.49,0.3542154449178918
15.5,0.3606411219232051
15.51,0.3670346705434918
15.52,0.3733960907787519
15.530000000000001,0.37972538262898536
15.540000000000001,0.3860225460941924
15.55,0.3922875811743728
15.56,0.39852048786952665
15.57,0.40472126617965387
15.58,0.41088991610475456
15.59,0.4170264376448287
15.6,0.42313083079987635
15.610000000000001,0.42920309556989733
15.620000000000001,0.4352432319548918
15.63,0.4412512399548597
15.64,0.447227119569801
15.65,0.45317087079971574
15.66,0.45908249364460385
15.67,0.46496198810446554
15.68,0.4708093541793006
15.69,0.476624591869109
15.700000000000001,0.48240770117389076
15.71,0.4881586820936461
15.72,0.4938775346283749
15.73,0.4995642587780771
15.74,0.5052188545427527
15.75,0.510841321922402
15.76,0.5164316609170244
15.77,0.5219898715266204
15.780000000000001,0.5275159537511898
15.790000000000001,0.5330099075907325
15.8,0.5384717330452489
15.81,0.5439014301147385
15.82,0.5492989987992016
15.83,0.5546644390986382
15.84,0.5599977510130482
15.85,0.5652989345424315
15.860000000000001,0.5705679896867883
15.870000000000001,0.5758049164461188
15.88,0.5810097148204224
15.89,0.5861823848096996
15.9,0.5913229264139501
15.91,0.5964313396331741
15.92,0.6015076244673716
15.93,0.6065517809165424
15.94,0.6115638089806867
15.950000000000001,0.6165437086598045
15.96,0.6214914799538958
15.97,0.6264071228629603
15.98,0.6312906373869984
15.99,0.6361420235260099
16.0,0.6409612812799947
16.01,0.6457484106489532
16.02,0.6505034116328849
16.03,0.6552262842317902
16.04,0.6599170284456688
16.05,0.664575644274521
16.06,0.6692021317183465
16.07,0.6737964907771454
16.080000000000002,0.6783587214509179
16.09,0.6828888237396638
16.1,0.687386797643383
16.11,0.6918526431620757
16.12,0.6962863602957419
16.13,0.7006879490443814
16.14,0.7050574094079944
16.15,0.7093947413865809
16.16,0.7136999449801407
16.17,0.717973020188674
16.18,0.7222139670121805
16.19,0.7264227854506609
16.2,0.7305994755041143
16.21,0.7347440371725416
16.22,0.7388564704559419
16.23,0.7429367753543159
16.240000000000002,0.7469849518676631
16.25,0.751000999995984
16.26,0.7549849197392782
16.27,0.7589367110975458
16.28,0.7628563740707868
16.29,0.7667439086590013
16.3,0.7705993148621892
16.31,0.7744225926803506
16.32,0.7782137421134855
16.330000000000002,0.7819727631615937
16.34,0.7856996558246754
16.35,0.7893944201027305
16.36,0.793057055995759
16.37,0.796687563503761
16.38,0.8002859426267365
16.39,0.8038521933646853
16.4,0.8073863157176074
16.41,0.8108883096855033
16.42,0.8143581752683724
16.43,0.817795912466215
16.44,0.8212015212790309
16.45,0.8245750017068205
16.46,0.8279163537495833
16.47,0.8312255774073196
16.48,0.8345026726800293
16.490000000000002,0.8377476395677126
16.5,0.8409604780703691
16.51,0.8441411881879992
16.52,0.8472897699206027
16.53,0.8504062232681796
16.54,0.85349054823073
16.55,0.8565427448082538
16.56,0.859562813000751
16.57,0.8625507528082217
16.580000000000002,0.8655065642306657
16.59,0.8684302472680833
16.6,0.8713218019204743
16.61,0.8741812281878386
16.62,0.8770085260701764
16.63,0.8798036955674877
16.64,0.8825667366797724
16.65,0.8852976494070305
16.66,0.8879964337492621
16.67,0.890663089706467
16.68,0.8932976172786454
16.69,0.8959000164657973
16.7,0.8984702872679227
16.71,0.9010084296850213
16.72,0.9035144437170936
16.73,0.9059883293641391
16.740000000000002,0.9084300866261581
16.75,0.9108397155031506
16.76,0.9132172159951165
16.77,0.9155625881020558
16.78,0.9178758318239686
16.79,0.9201569471608547
16.8,0.9224059341127144
16.81,0.9246227926795474
16.82,0.9268075228613539
16.830000000000002,0.9289601246581338
16.84,0.9310805980698873
16.85,0.933168943096614
16.86,0.9352251597383143
16.87,0.937249247994988
16.88,0.939241207866635
16.89,0.9412010393532556
16.9,0.9431287424548496
16.91,0.945024317171417
16.92,0.9468877635029578
16.93,0.948719081449472
16.94,0.9505182710109598
16.95,0.9522853321874208
16.96,0.9540202649788555
16.97,0.9557230693852634
16.98,0.957393745406645
16.990000000000002,0.9590322930429998
17.0,0.9606387122943281
17.01,0.9622130031606299
17.02,0.9637551656419051
17.03,0.9652651997381536
17.04,0.9667431054493757
17.05,0.9681888827755711
17.06,0.9696025317167402
17.07,0.9709840522728824
17.080000000000002,0.9723334444439982
17.09,0.9736507082300874
17.1,0.97493584363115
17.11,0.9761888506471862
17.12,0.9774097292781957
17.13,0.9785984795241786
17.14,0.979755101385135
17.150000000000002,0.9808795948610648
17.16,0.9819719599519681
17.17,0.9830321966578447
17.18,0.9840603049786948
17.19,0.9850562849145185
17.2,0.9860201364653154
17.21,0.9869518596310858
17.22,0.9878514544118296
17.23,0.988718920807547
17.240000000000002,0.9895542588182377
17.25,0.9903574684439018
17.26,0.9911285496845395
17.27,0.9918675025401504
17.28,0.9925743270107349
17.29,0.9932490230962928
17.3,0.9938915907968241
17.31,0.9945020301123288
17.32,0.9950803410428071
17.330000000000002,0.9956265235882586
17.34,0.9961405777486837
17.35,0.9966225035240822
17.36,0.9970723009144541
17.37,0.9974899699197995
17.38,0.9978755105401184
17.39,0.9982289227754105
17.400000000000002,0.9985502066256762
17.41,0.9988393620909153
17.42,0.9990963891711279
17.43,0.9993212878663138
17.44,0.9995140581764732
17.45,0.999674700101606
17.46,0.9998032136417123
17.47,0.999899598796792
17.48,0.9999638555668451
17.490000000000002,0.9999959839518717
17.5,0.9999959839518717
17.51,0.9999638555668451
17.52,0.999899598796792
17.53,0.9998032136417123
17.54,0.999674700101606
17.55,0.9995140581764732
17.56,0.9993212878663138
17.57,0.9990963891711279
17.580000000000002,0.9988393620909153
17.59,0.9985502066256762
17.6,0.9982289227754105
17.61,0.9978755105401184
17.62,0.9974899699197995
17.63,0.9970723009144542
17.64,0.9966225035240822
17.650000000000002,0.9961405777486837
17.66,0.9956265235882586
17.67,0.9950803410428071
17.68,0.9945020301123288
17.69,0.9938915907968241
17.7,0.9932490230962928
17.71,0.9925743270107349
17.72,0.9918675025401504
17.73,0.9911285496845395
17.740000000000002,0.9903574684439018
17.75,0.9895542588182377
17.76,0.988718920807547
17.77,0.9878514544118296
17.78,0.9869518596310858
17.79,0.9860201364653154
17.8,0.9850562849145185
17.81,0.9840603049786949
17.82,0.9830321966578447
17.830000000000002,0.9819719599519681
17.84,0.9808795948610649
17.85,0.979755101385135
17.86,0.9785984795241786
17.87,0.9774097292781957
17.88,0.9761888506471862
17.89,0.97493584363115
17.900000000000002,0.9736507082300874
17.91,0.9723334444439983
17.92,0.9709840522728825
17.93,0.96960253171674
17.94,0.9681888827755711
17.95,0.9667431054493758
17.96,0.9652651997381537
17.97,0.963755165641905
17.98,0.9622130031606299
17.990000000000002,0.9606387122943282
18.0,0.9590322930429999
18.01,0.9573937454066449
18.02,0.9557230693852635
18.03,0.9540202649788556
18.04,0.952285332187421
18.05,0.9505182710109598
18.06,0.9487190814494721
18.07,0.9468877635029579
18.080000000000002,0.945024317171417
18.09,0.9431287424548496
18.1,0.9412010393532556
18.11,0.9392412078666351
18.12,0.937249247994988
18.13,0.9352251597383143
18.14,0.9331689430966141
18.150000000000002,0.9310805980698873
18.16,0.9289601246581339
18.17,0.926807522861354
18.18,0.9246227926795475
18.19,0.9224059341127144
18.2,0.9201569471608548
18.21,0.9178758318239686
18.22,0.9155625881020558
18.23,0.9132172159951165
18.240000000000002,0.9108397155031506
18.25,0.9084300866261581
18.26,0.9059883293641391
18.27,0.9035144437170936
18.28,0.9010084296850214
18.29,0.8984702872679227
18.3,0.8959000164657973
18.31,0.8932976172786457
18.32,0.890663089706467
18.330000000000002,0.8879964337492621
18.34,0.8852976494070305
18.35,0.8825667366797725
18.36,0.8798036955674877
18.37,0.8770085260701764
18.38,0.8741812281878386
18.39,0.8713218019204744
18.400000000000002,0.8684302472680833
18.41,0.8655065642306657
18.42,0.8625507528082218
18.43,0.8595628130007511
18.44,0.8565427448082538
18.45,0.85349054823073
18.46,0.8504062232681797
18.47,0.8472897699206029
18.48,0.8441411881879992
18.490000000000002,0.8409604780703691
18.5,0.8377476395677127
18.51,0.8345026726800295
18.52,0.8312255774073196
18.53,0.8279163537495835
18.54,0.8245750017068205
18.55,0.8212015212790311
18.56,0.8177959124662149
18.57,0.8143581752683725
18.580000000000002,0.8108883096855034
18.59,0.8073863157176077
18.6,0.8038521933646852
18.61,0.8002859426267366
18.62,0.7966875635037611
18.63,0.7930570559957592
18.64,0.7893944201027305
18.650000000000002,0.7856996558246755
18.66,0.7819727631615938
18.67,0.7782137421134856
18.68,0.7744225926803507
18.69,0.7705993148621894
18.7,0.7667439086590014
18.71,0.762856374070787
18.72,0.7589367110975458
18.73,0.7549849197392782
18.740000000000002,0.751000999995984
18.75,0.7469849518676632
18.76,0.7429367753543159
18.77,0.7388564704559419
18.78,0.7347440371725416
18.79,0.7305994755041145
18.8,0.7264227854506609
18.81,0.7222139670121808
18.82,0.717973020188674
18.830000000000002,0.7136999449801407
18.84,0.7093947413865809
18.85,0.7050574094079944
18.86,0.7006879490443816
18.87,0.6962863602957419
18.88,0.6918526431620757
18.89,0.687386797643383
18.900000000000002,0.682888823739664
18.91,0.6783587214509179
18.92,0.6737964907771454
18.93,0.6692021317183465
18.94,0.6645756442745212
18.95,0.6599170284456688
18.96,0.6552262842317902
18.97,0.6505034116328852
18.98,0.6457484106489535
18.990000000000002,0.6409612812799947
19.0,0.6361420235260101
19.01,0.6312906373869986
19.02,0.6264071228629606
19.03,0.6214914799538958
19.04,0.6165437086598045
19.05,0.6115638089806867
19.06,0.6065517809165427
19.07,0.6015076244673718
19.080000000000002,0.5964313396331744
19.09,0.5913229264139503
19.1,0.5861823848096998
19.11,0.5810097148204223
19.12,0.5758049164461185
19.13,0.5705679896867883
19.14,0.5652989345424317
19.150000000000002,0.5599977510130483
19.16,0.5546644390986384
19.17,0.5492989987992017
19.18,0.5439014301147387
19.19,0.5384717330452486
19.2,0.5330099075907324
19.21,0.5275159537511902
19.22,0.5219898715266205
19.23,0.5164316609170245
19.240000000000002,0.510841321922402
19.25,0.505218854542753
19.26,0.4995642587780773
19.27,0.4938775346283748
19.28,0.48815868209364666
19.29,0.4824077011738913
19.3,0.476624591869109
19.31,0.4708093541793006
19.32,0.46496198810446554
19.330000000000002,0.45908249364460385
19.34,0.45317087079971574
19.35,0.44722711956980066
19.36,0.44125123995486004
19.37,0.4352432319548921
19.38,0.42920309556989733
19.39,0.42313083079987635
19.400000000000002,0.4170264376448287
19.41,0.41088991610475456
19.42,0.40472126617965387
19.43,0.398520487869527
19.44,0.3922875811743731
19.45,0.38602254609419273
19.46,0.37972538262898536
19.47,0.3733960907787519
19.48,0.3670346705434918
19.490000000000002,0.3606411219232051
19.5,0.35421544491789225
19.51,0.34775763952755245
19.52,0.341267705752186
19.53,0.33474564359179315
19.54,0.3281914530463732
19.55,0.32160513411592717
19.56,0.3149866868004545
19.57,0.3083361110999553
19.580000000000002,0.3016534070144299
19.59,0.2949385745438776
19.6,0.2881916136882987
19.61,0.28141252444769327
19.62,0.27460130682206085
19.63,0.26775796081140224
19.64,0.2608824864157171
19.650000000000002,0.25397488363500575
19.66,0.24703515246926744
19.67,0.2400632929185026
19.68,0.2330593049827111
19.69,0.22602318866189308
19.7,0.2189549439560482
19.71,0.211854570865177
19.72,0.20472206938928017
19.73,0.19755743952835547
19.740000000000002,0.1903606812824047
19.75,0.18313179465142726
19.76,0.1758707796354233
19.77,0.1685776362343928
19.78,0.16125236444833535
19.79,0.1538949642772517
19.8,0.14650543572114227
19.81,0.139083778780005
19.82,0.13162999345384163
19.830000000000002,0.12414407974265174
19.84,0.11662603764643531
19.85,0.10907586716519224
19.86,0.1014935682989222
19.87,0.09387914104762685
19.88,0.08623258541130407
19.89,0.07855390138995433
19.900000000000002,0.0708430889835785
19.91,0.06310014819217602
19.92,0.055325079015747014
19.93,0.047517881454291366
19.94,0.03967855550780963
19.95,0.03180710117630092
19.96,0.023903518459765682
19.97,0.015967807358203356
19.98,0.007999967871614944
19.990000000000002,0.0
20.0,0.0
20.01,0.0
20.02,0.0
20.03,0.0
20.04,0.0
20.05,0.0
20.06,0.0
20.07,0.0
20.080000000000002,0.0
20.09,0.0
20.1,0.0
20.11,0.0
20.12,0.0
20.13,0.0
20.14,0.0
20.150000000000002,0.0
20.16,0.0
20.17,0.0
20.18,0.0
20.19,0.0
20.2,0.0
20.21,0.0
20.22,0.0
20.23,0.0
20.240000000000002,0.0
20.25,0.0
20.26,0.0
20.27,0.0
20.28,0.0
20.29,0.0
20.3,0.0
20.31,0.0
20.32,0.0
20.330000000000002,0.0
20.34,0.0
20.35,0.0
20.36,0.0
20.37,0.0
20.38,0.0
20.39,0.0
20.400000000000002,0.0
20.41,0.0
20.42,0.0
20.43,0.0
20.44,0.0
20.45,0.0
20.46,0.0
20.47,0.0
20.48,0.0
20.490000000000002,0.0
20.5,0.0
20.51,0.0
20.52,0.0
20.53,0.0
20.54,0.0
20.55,0.0
20.56,0.0
20.57,0.0
20.580000000000002,0.0
20.59,0.0
20.6,0.0
20.61,0.0
20.62,0.0
20.63,0.0
20.64,0.0
20.650000000000002,0.0
20.66,0.0
20.67,0.0
20.68,0.0
20.69,0.0
20.7,0.0
20.71,0.0
20.72,0.0
20.73,0.0
20.740000000000002,0.0
20.75,0.0
20.76,0.0
20.77,0.0
20.78,0.0
20.79,0.0
20.8,0.0
20.81,0.0
20.82,0.0
20.830000000000002,0.0
20.84,0.0
20.85,0.0
20.86,0.0
20.87,0.0
20.88,0.0
20.89,0.0
20.900000000000002,0.0
20.91,0.0
20.92,0.0
20.93,0.0
20.94,0.0
20.95,0.0
20.96,0.0
20.97,0.0
20.98,0.0
20.990000000000002,0.0
21.0,0.0
21.01,0.0
21.02,0.0
21.03,0.0
21.04,0.0
21.05,0.0
21.06,0.0
21.07,0.0
21.080000000000002,0.0
21.09,0.0
21.1,0.0
21.11,0.0
21.12,0.0
21.13,0.0
21.14,0.0
21.150000000000002,0.0
21.16,0.0
21.17,0.0
21.18,0.0
21.19,0.0
21.2,0.0
21.21,0.0
21.22,0.0
21.23,0.0
21.240000000000002,0.0
21.25,0.0
21.26,0.0
21.27,0.0
21.28,0.0
21.29,0.0
21.3,0.0
21.31,0.0
21.32,0.0
21.330000000000002,0.0
21.34,0.0
21.35,0.0
21.36,0.0
21.37,0.0
21.38,0.0
21.39,0.0
21.400000000000002,0.0
21.41,0.0
21.42,0.0
21.43,0.0
21.44,0.0
21.45,0.0
21.46,0.0
21.47,0.0
21.48,0.0
21.490000000000002,0.0
21.5,0.0
21.51,0.0
21.52,0.0
21.53,0.0
21.54,0.0
21.55,0.0
21.56,0.0
21.57,0.0
21.580000000000002,0.0
21.59,0.0
21.6,0.0
21.61,0.0
21.62,0.0
21.63,0.0
21.64,0.0
21.650000000000002,0.0
21.66,0.0
21.67,0.0
21.68,0.0
21.69,0.0
21.7,0.0
21.71,0.0
21.72,0.0
21.73,0.0
21.740000000000002,0.0
21.75,0.0
21.76,0.0
21.77,0.0
21.78,0.0
21.79,0.0
21.8,0.0
21.81,0.0
21.82,0.0
21.830000000000002,0.0
21.84,0.0
21.85,0.0
21.86,0.0
21.87,0.0
21.88,0.0
21.89,0.0
21.900000000000002,0.0
21.91,0.0
21.92,0.0
21.93,0.0
21.94,0.0
21.95,0.0
21.96,0.0
21.97,0.0
21.98,0.0
21.990000000000002,0.0
22.0,0.0
22.01,0.0
22.02,0.0
22.03,0.0
22.04,0.0
22.05,0.0
22.06,0.0
22.07,0.0
22.080000000000002,0.0
22.09,0.0
22.1,0.0
22.11,0.0
22.12,0.0
22.13,0.0
22.14,0.0
22.150000000000002,0.0
22.16,0.0
22.17,0.0
22.18,0.0
22.19,0.0
22.2,0.0
22.21,0.0
22.22,0.0
22.23,0.0
22.240000000000002,0.0
22.25,0.0
22.26,0.0
22.27,0.0
22.28,0.0
22.29,0.0
22.3,0.0
22.31,0.0
22.32,0.0
22.330000000000002,0.0
22.34,0.0
22.35,0.0
22.36,0.0
22.37,0.0
22.38,0.0
22.39,0.0
22.400000000000002,0.0
22.41,0.0
22.42,0.0
22.43,0.0
22.44,0.0
22.45,0.0
22.46,0.0
22.47,0.0
22.48,0.0
22.490000000000002,0.0
22.5,0.0
22.51,0.0
22.52,0.0
22.53,0.0
22.54,0.0
22.55,0.0
22.56,0.0
22.57,0.0
22.580000000000002,0.0
22.59,0.0
22.6,0.0
22.61,0.0
22.62,0.0
22.63,0.0
22.64,0.0
22.650000000000002,0.0
22.66,0.0
22.67,0.0
22.68,0.0
22.69,0.0
22.7,0.0
22.71,0.0
22.72,0.0
22.73,0.0
22.740000000000002,0.0
22.75,0.0
22.76,0.0
22.77,0.0
22.78,0.0
22.79,0.0
22.8,0.0
22.81,0.0
22.82,0.0
22.830000000000002,0.0
22.84,0.0
22.85,0.0
22.86,0.0
22.87,0.0
22.88,0.0
22.89,0.0
22.900000000000002,0.0
22.91,0.0
22.92,0.0
22.93,0.0
22.94,0.0
22.95,0.0
22.96,0.0
22.97,0.0
22.98,0.0
22.990000000000002,0.0
23.0,0.0
23.01,0.0
23.02,0.0
23.03,0.0
23.04,0.0
23.05,0.0
23.06,0.0
23.07,0.0
23.080000000000002,0.0
23.09,0.0
23.1,0.0
23.11,0.0
23.12,0.0
23.13,0.0
23.14,0.0
23.150000000000002,0.0
23.16,0.0
23.17,0.0
23.18,0.0
23.19,0.0
23.2,0.0
23.21,0.0
23.22,0.0
23.23,0.0
23.240000000000002,0.0
23.25,0.0
23.26,0.0
23.27,0.0
23.28,0.0
23.29,0.0
23.3,0.0
23.31,0.0
23.32,0.0
23.330000000000002,0.0
23.34,0.0
23.35,0.0
23.36,0.0
23.37,0.0
23.38,0.0
23.39,0.0
23.400000000000002,0.0
23.41,0.0
23.42,0.0
23.43,0.0
23.44,0.0
23.45,0.0
23.46,0.0
23.47,0.0
23.48,0.0
23.490000000000002,0.0
23.5,0.0
23.51,0.0
23.52,0.0
23.53,0.0
23.54,0.0
23.55,0.0
23.56,0.0
23.57,0.0
23.580000000000002,0.0
23.59,0.0
23.6,0.0
23.61,0.0
23.62,0.0
23.63,0.0
23.64,0.0
23.650000000000002,0.0
23.66,0.0
23.67,0.0
23.68,0.0
23.69,0.0
23.7,0.0
23.71,0.0
23.72,0.0
23.73,0.0
23.740000000000002,0.0
23.75,0.0
23.76,0.0
23.77,0.0
23.78,0.0
23.79,0.0
23.8,0.0
23.81,0.0
23.82,0.0
23.830000000000002,0.0
23.84,0.0
23.85,0.0
23.86,0.0
23.87,0.0
23.88,0.0
23.89,0.0
23.900000000000002,0.0
23.91,0.0
23.92,0.0
23.93,0.0
23.94,0.0
23.95,0.0
23.96,0.0
23.97,0.0
23.98,0.0
23.990000000000002,0.0
24.0,0.0
24.01,0.0
24.02,0.0
24.03,0.0
24.04,0.0
24.05,0.0
24.060000000000002,0.0
24.07,0.0
24.080000000000002,0.0
24.09,0.0
24.1,0.0
24.11,0.0
24.12,0.0
24.13,0.0
24.14,0.0
24.150000000000002,0.0
24.16,0.0
24.17,0.0
24.18,0.0
24.19,0.0
24.2,0.0
24.21,0.0
24.22,0.0
24.23,0.0
24.240000000000002,0.0
24.25,0.0
24.26,0.0
24.27,0.0
24.28,0.0
24.29,0.0
24.3,0.0
24.310000000000002,0.0
24.32,0.0
24.330000000000002,0.0
24.34,0.0
24.35,0.0
24.36,0.0
24.37,0.0
24.38,0.0
24.39,0.0
24.400000000000002,0.0
24.41,0.0
24.42,0.0
24.43,0.0
24.44,0.0
24.45,0.0
24.46,0.0
24.47,0.0
24.48,0.0
24.490000000000002,0.0
24.5,0.0
24.51,0.0
24.52,0.0
24.53,0.0
24.54,0.0
24.55,0.0
24.560000000000002,0.0
24.57,0.0
24.580000000000002,0.0
24.59,0.0
24.6,0.0
24.61,0.0
24.62,0.0
24.63,0.0
24.64,0.0
24.650000000000002,0.0
24.66,0.0
24.67,0.0
24.68,0.0
24.69,0.0
24.7,0.0
24.71,0.0
24.72,0.0
24.73,0.0
24.740000000000002,0.0
24.75,0.0
24.76,0.0
24.77,0.0
24.78,0.0
24.79,0.0
24.8,0.0
24.810000000000002,0.0
24.82,0.0
24.830000000000002,0.0
24.84,0.0
24.85,0.0
24.86,0.0
24.87,0.0
24.88,0.0
24.89,0.0
24.900000000000002,0.0
24.91,0.0
24.92,0.0
24.93,0.0
24.94,0.0
24.95,0.0
24.96,0.0
24.97,0.0
24.98,0.0
24.990000000000002,0.0
25.0,0.0
25.01,0.0
25.02,0.0
25.03,0.0
25.04,0.0
25.05,0.0
25.060000000000002,0.0
25.07,0.0
25.080000000000002,0.0
25.09,0.0
25.1,0.0
25.11,0.0
25.12,0.0
25.13,0.0
25.14,0.0
25.150000000000002,0.0
25.16,0.0
25.17,0.0
25.18,0.0
25.19,0.0
25.2,0.0
25.21,0.0
25.22,0.0
25.23,0.0
25.240000000000002,0.0
25.25,0.0
25.26,0.0
25.27,0.0
25.28,0.0
25.29,0.0
25.3,0.0
25.310000000000002,0.0
25.32,0.0
25.330000000000002,0.0
25.34,0.0
25.35,0.0
25.36,0.0
25.37,0.0
25.38,0.0
25.39,0.0
25.400000000000002,0.0
25.41,0.0
25.42,0.0
25.43,0.0
25.44,0.0
25.45,0.0
25.46,0.0
25.47,0.0
25.48,0.0
25.490000000000002,0.0
25.5,0.0
25.51,0.0
25.52,0.0
25.53,0.0
25.54,0.0
25.55,0.0
25.560000000000002,0.0
25.57,0.0
25.580000000000002,0.0
25.59,0.0
25.6,0.0
25.61,0.0
25.62,0.0
25.63,0.0
25.64,0.0
25.650000000000002,0.0
25.66,0.0
25.67,0.0
25.68,0.0
25.69,0.0
25.7,0.0
25.71,0.0
25.72,0.0
25.73,0.0
25.740000000000002,0.0
25.75,0.0
25.76,0.0
25.77,0.0
25.78,0.0
25.79,0.0
25.8,0.0
25.810000000000002,0.0
25.82,0.0
25.830000000000002,0.0
25.84,0.0
25.85,0.0
25.86,0.0
25.87,0.0
25.88,0.0
25.89,0.0
25.900000000000002,0.0
25.91,0.0
25.92,0.0
25.93,0.0
25.94,0.0
25.95,0.0
25.96,0.0
25.97,0.0
25.98,0.0
25.990000000000002,0.0
26.0,0.0
26.01,0.0
26.02,0.0
26.03,0.0
26.04,0.0
26.05,0.0
26.060000000000002,0.0
26.07,0.0
26.080000000000002,0.0
26.09,0.0
26.1,0.0
26.11,0.0
26.12,0.0
26.13,0.0
26.14,0.0
26.150000000000002,0.0
26.16,0.0
26.17,0.0
26.18,0.0
26.19,0.0
26.2,0.0
26.21,0.0
26.22,0.0
26.23,0.0
26.240000000000002,0.0
26.25,0.0
26.26,0.0
26.27,0.0
26.28,0.0
26.29,0.0
26.3,0.0
26.310000000000002,0.0
26.32,0.0
26.330000000000002,0.0
26.34,0.0
26.35,0.0
26.36,0.0
26.37,0.0
26.38,0.0
26.39,0.0
26.400000000000002,0.0
26.41,0.0
26.42,0.0
26.43,0.0
26.44,0.0
26.45,0.0
26.46,0.0
26.47,0.0
26.48,0.0
26.490000000000002,0.0
26.5,0.0
26.51,0.0
26.52,0.0
26.53,0.0
26.54,0.0
26.55,0.0
26.560000000000002,0.0
26.57,0.0
26.580000000000002,0.0
26.59,0.0
26.6,0.0
26.61,0.0
26.62,0.0
26.63,0.0
26.64,0.0
26.650000000000002,0.0
26.66,0.0
26.67,0.0
26.68,0.0
26.69,0.0
26.7,0.0
26.71,0.0
26.72,0.0
26.73,0.0
26.740000000000002,0.0
26.75,0.0
26.76,0.0
26.77,0.0
26.78,0.0
26.79,0.0
26.8,0.0
26.810000000000002,0.0
26.82,0.0
26.830000000000002,0.0
26.84,0.0
26.85,0.0
26.86,0.0
26.87,0.0
26.88,0.0
26.89,0.0
26.900000000000002,0.0
26.91,0.0
26.92,0.0
26.93,0.0
26.94,0.0
26.95,0.0
26.96,0.0
26.97,0.0
26.98,0.0
26.990000000000002,0.0
27.0,0.0
27.01,0.0
27.02,0.0
27.03,0.0
27.04,0.0
27.05,0.0
27.060000000000002,0.0
27.07,0.0
27.080000000000002,0.0
27.09,0.0
27.1,0.0
27.11,0.0
27.12,0.0
27.13,0.0
27.14,0.0
27.150000000000002,0.0
27.16,0.0
27.17,0.0
27.18,0.0
27.19,0.0
27.2,0.0
27.21,0.0
27.22,0.0
27.23,0.0
27.240000000000002,0.0
27.25,0.0
27.26,0.0
27.27,0.0
27.28,0.0
27.29,0.0
27.3,0.0
27.310000000000002,0.0
27.32,0.0
27.330000000000002,0.0
27.34,0.0
27.35,0.0
27.36,0.0
27.37,0.0
27.38,0.0
27.39,0.0
27.400000000000002,0.0
27.41,0.0
27.42,0.0
27.43,0.0
27.44,0.0
27.45,0.0
27.46,0.0
27.47,0.0
27.48,0.0
27.490000000000002,0.0
27.5,0.0
27.51,0.0
27.52,0.0
27.53,0.0
27.54,0.0
27.55,0.0
27.560000000000002,0.0
27.57,0.0
27.580000000000002,0.0
27.59,0.0
27.6,0.0
27.61,0.0
27.62,0.0
27.63,0.0
27.64,0.0
27.650000000000002,0.0
27.66,0.0
27.67,0.0
27.68,0.0
27.69,0.0
27.7,0.0
27.71,0.0
27.72,0.0
27.73,0.0
27.740000000000002,0.0
27.75,0.0
27.76,0.0
27.77,0.0
27.78,0.0
27.79,0.0
27.8,0.0
27.810000000000002,0.0
27.82,0.0
27.830000000000002,0.0
27.84,0.0
27.85,0.0
27.86,0.0
27.87,0.0
27.88,0.0
27.89,0.0
27.900000000000002,0.0
27.91,0.0
27.92,0.0
27.93,0.0
27.94,0.0
27.95,0.0
27.96,0.0
27.97,0.0
27.98,0.0
27.990000000000002,0.0
28.0,0.0
28.01,0.0
28.02,0.0
28.03,0.0
28.04,0.0
28.05,0.0
28.060000000000002,0.0
28.07,0.0
28.080000000000002,0.0
28.09,0.0
28.1,0.0
28.11,0.0
28.12,0.0
28.13,0.0
28.14,0.0
28.150000000000002,0.0
28.16,0.0
28.17,0.0
28.18,0.0
28.19,0.0
28.2,0.0
28.21,0.0
28.22,0.0
28.23,0.0
28.240000000000002,0.0
28.25,0.0
28.26,0.0
28.27,0.0
28.28,0.0
28.29,0.0
28.3,0.0
28.310000000000002,0.0
28.32,0.0
28.330000000000002,0.0
28.34,0.0
28.35,0.0
28.36,0.0
28.37,0.0
28.38,0.0
28.39,0.0
28.400000000000002,0.0
28.41,0.0
28.42,0.0
28.43,0.0
28.44,0.0
28.45,0.0
28.46,0.0
28.47,0.0
28.48,0.0
28.490000000000002,0.0
28.5,0.0
28.51,0.0
28.52,0.0
28.53,0.0
28.54,0.0
28.55,0.0
28.560000000000002,0.0
28.57,0.0
28.580000000000002,0.0
28.59,0.0
28.6,0.0
28.61,0.0
28.62,0.0
28.63,0.0
28.64,0.0
28.650000000000002,0.0
28.66,0.0
28.67,0.0
28.68,0.0
28.69,0.0
28.7,0.0
28.71,0.0
28.72,0.0
28.73,0.0
28.740000000000002,0.0
28.75,0.0
28.76,0.0
28.77,0.0
28.78,0.0
28.79,0.0
28.8,0.0
28.810000000000002,0.0
28.82,0.0
28.830000000000002,0.0
28.84,0.0
28.85,0.0
28.86,0.0
28.87,0.0
28.88,0.0
28.89,0.0
28.900000000000002,0.0
28.91,0.0
28.92,0.0
28.93,0.0
28.94,0.0
28.95,0.0
28.96,0.0
28.97,0.0
28.98,0.0
28.990000000000002,0.0
29.0,0.0
29.01,0.0
29.02,0.0
29.03,0.0
29.04,0.0
29.05,0.0
29.060000000000002,0.0
29.07,0.0
29.080000000000002,0.0
29.09,0.0
29.1,0.0
29.11,0.0
29.12,0.0
29.13,0.0
29.14,0.0
29.150000000000002,0.0
29.16,0.0
29.17,0.0
29.18,0.0
29.19,0.0
29.2,0.0
29.21,0.0
29.22,0.0
29.23,0.0
29.240000000000002,0.0
29.25,0.0
29.26,0.0
29.27,0.0
29.28,0.0
29.29,0.0
29.3,0.0
29.310000000000002,0.0
29.32,0.0
29.330000000000002,0.0
29.34,0.0
29.35,0.0
29.36,0.0
29.37,0.0
29.38,0.0
29.39,0.0
29.400000000000002,0.0
29.41,0.0
29.42,0.0
29.43,0.0
29.44,0.0
29.45,0.0
29.46,0.0
29.47,0.0
29.48,0.0
29.490000000000002,0.0
29.5,0.0
29.51,0.0
29.52,0.0
29.53,0.0
29.54,0.0
29.55,0.0
29.560000000000002,0.0
29.57,0.0
29.580000000000002,0.0
29.59,0.0
29.6,0.0
29.61,0.0
29.62,0.0
29.63,0.0
29.64,0.0
29.650000000000002,0.0
29.66,0.0
29.67,0.0
29.68,0.0
29.69,0.0
29.7,0.0
29.71,0.0
29.72,0.0
29.73,0.0
29.740000000000002,0.0
29.75,0.0
29.76,0.0
29.77,0.0
29.78,0.0
29.79,0.0
29.8,0.0
29.810000000000002,0.0
29.82,0.0
29.830000000000002,0.0
29.84,0.0
29.85,0.0
29.86,0.0
29.87,0.0
29.88,0.0
29.89,0.0
29.900000000000002,0.0
29.91,0.0
29.92,0.0
29.93,0.0
29.94,0.0
29.95,0.0
29.96,0.0
29.97,0.0
29.98,0.0
29.990000000000002,0.0
30.0,0.0
30.01,0.007999967871614944
30.02,0.015967807358203356
30.03,0.02390351845976524
30.04,0.03180710117630048
30.05,0.0396785555078093
30.060000000000002,0.047517881454291366
30.07,0.055325079015747014
30.080000000000002,0.06310014819217602
30.09,0.0708430889835785
30.1,0.07855390138995433
30.11,0.08623258541130363
30.12,0.0938791410476264
30.13,0.10149356829892264
30.14,0.10907586716519224
30.150000000000002,0.11662603764643509
30.16,0.12414407974265151
30.17,0.13162999345384152
30.18,0.13908377878000477
30.19,0.1465054357211416
30.2,0.1538949642772518
30.21,0.16125236444833546
30.22,0.1685776362343926
30.23,0.17587077963542308
30.240000000000002,0.18313179465142704
30.25,0.19036068128240446
30.26,0.19755743952835525
30.27,0.2047220693892795
30.28,0.21185457086517723
30.29,0.21895494395604842
30.3,0.22602318866189297
30.310000000000002,0.233059304982711
30.32,0.24006329291850237
30.330000000000002,0.24703515246926722
30.34,0.25397488363500553
30.35,0.2608824864157171
30.36,0.26775796081140224
30.37,0.27460130682206085
30.38,0.2814125244476928
30.39,0.2881916136882984
30.400000000000002,0.2949385745438773
30.41,0.30165340701442955
30.42,0.3083361110999553
30.43,0.3149866868004545
30.44,0.32160513411592717
30.45,0.3281914530463732
30.46,0.3347456435917927
30.47,0.3412677057521857
30.48,0.347757639527552
30.490000000000002,0.3542154449178918
30.5,0.3606411219232051
30.51,0.3670346705434918
30.52,0.3733960907787519
30.53,0.37972538262898536
30.54,0.3860225460941924
30.55,0.3922875811743728
30.560000000000002,0.39852048786952665
30.57,0.40472126617965387
30.580000000000002,0.41088991610475456
30.59,0.4170264376448287
30.6,0.42313083079987635
30.61,0.42920309556989733
30.62,0.4352432319548918
30.63,0.4412512399548597
30.64,0.447227119569801
30.650000000000002,0.45317087079971574
30.66,0.45908249364460385
30.67,0.46496198810446554
30.68,0.4708093541793006
30.69,0.476624591869109
30.7,0.48240770117389076
30.71,0.4881586820936461
30.72,0.4938775346283749
30.73,0.4995642587780771
30.740000000000002,0.5052188545427527
30.75,0.510841321922402
30.76,0.5164316609170244
30.77,0.5219898715266204
30.78,0.5275159537511898
30.79,0.5330099075907325
30.8,0.5384717330452489
30.810000000000002,0.5439014301147385
30.82,0.5492989987992016
30.830000000000002,0.5546644390986382
30.84,0.5599977510130482
30.85,0.5652989345424315
30.86,0.5705679896867883
30.87,0.5758049164461188
30.88,0.5810097148204224
30.89,0.5861823848096996
30.900000000000002,0.5913229264139501
30.91,0.5964313396331741
30.92,0.6015076244673716
30.93,0.6065517809165424
30.94,0.6115638089806867
30.95,0.6165437086598045
30.96,0.6214914799538958
30.970000000000002,0.6264071228629603
30.98,0.6312906373869984
30.990000000000002,0.6361420235260099
31.0,0.6409612812799947
31.01,0.6457484106489532
31.02,0.6505034116328849
31.03,0.6552262842317902
31.04,0.6599170284456688
31.05,0.664575644274521
31.060000000000002,0.6692021317183465
31.07,0.6737964907771454
31.080000000000002,0.6783587214509179
31.09,0.6828888237396638
31.1,0.687386797643383
31.11,0.6918526431620757
31.12,0.6962863602957419
31.13,0.7006879490443814
31.14,0.7050574094079944
31.150000000000002,0.7093947413865809
31.16,0.7136999449801407
31.17,0.717973020188674
31.18,0.7222139670121805
31.19,0.7264227854506609
31.2,0.7305994755041143
31.21,0.7347440371725416
31.220000000000002,0.7388564704559419
31.23,0.7429367753543159
31.240000000000002,0.7469849518676631
31.25,0.751000999995984
31.26,0.7549849197392782
31.27,0.7589367110975458
31.28,0.7628563740707868
31.29,0.7667439086590013
31.3,0.7705993148621892
31.310000000000002,0.7744225926803506
31.32,0.7782137421134855
31.330000000000002,0.7819727631615937
31.34,0.7856996558246754
31.35,0.7893944201027305
31.36,0.793057055995759
31.37,0.796687563503761
31.38,0.8002859426267365
31.39,0.8038521933646853
31.400000000000002,0.8073863157176074
31.41,0.8108883096855033
31.42,0.8143581752683724
31.43,0.817795912466215
31.44,0.8212015212790309
31.45,0.8245750017068205
31.46,0.8279163537495833
31.470000000000002,0.8312255774073196
31.48,0.8345026726800293
31.490000000000002,0.8377476395677126
31.5,0.8409604780703691
31.51,0.8441411881879992
31.52,0.8472897699206027
31.53,0.8504062232681796
31.54,0.85349054823073
31.55,0.8565427448082538
31.560000000000002,0.859562813000751
31.57,0.8625507528082217
31.580000000000002,0.8655065642306657
31.59,0.8684302472680833
31.6,0.8713218019204743
31.61,0.8741812281878386
31.62,0.8770085260701764
31.63,0.8798036955674877
31.64,0.8825667366797724
31.650000000000002,0.8852976494070305
31.66,0.8879964337492621
31.67,0.890663089706467
31.68,0.8932976172786454
31.69,0.8959000164657973
31.7,0.8984702872679227
31.71,0.9010084296850213
31.720000000000002,0.9035144437170936
31.73,0.9059883293641391
31.740000000000002,0.9084300866261581
31.75,0.9108397155031506
31.76,0.9132172159951165
31.77,0.9155625881020558
31.78,0.9178758318239686
31.79,0.9201569471608547
31.8,0.9224059341127144
31.810000000000002,0.9246227926795474
31.82,0.9268075228613539
31.830000000000002,0.9289601246581338
31.84,0.9310805980698873
31.85,0.933168943096614
31.86,0.9352251597383143
31.87,0.937249247994988
31.88,0.939241207866635
31.89,0.9412010393532556
31.900000000000002,0.9431287424548496
31.91,0.945024317171417
31.92,0.9468877635029578
31.93,0.948719081449472
31.94,0.9505182710109598
31.95,0.9522853321874208
31.96,0.9540202649788555
31.970000000000002,0.9557230693852634
31.98,0.957393745406645
31.990000000000002,0.9590322930429998
32.0,0.9606387122943281
32.01,0.9622130031606299
32.02,0.9637551656419051
32.03,0.9652651997381536
32.04,0.9667431054493757
32.05,0.9681888827755711
32.06,0.9696025317167402
32.07,0.9709840522728824
32.08,0.9723334444439982
32.09,0.9736507082300874
32.1,0.97493584363115
32.11,0.9761888506471862
32.12,0.9774097292781957
32.13,0.9785984795241786
32.14,0.979755101385135
32.15,0.9808795948610648
32.160000000000004,0.9819719599519681
32.17,0.9830321966578447
32.18,0.9840603049786948
32.19,0.9850562849145185
32.2,0.9860201364653154
32.21,0.9869518596310858
32.22,0.9878514544118296
32.230000000000004,0.988718920807547
32.24,0.9895542588182377
32.25,0.9903574684439018
32.26,0.9911285496845395
32.27,0.9918675025401504
32.28,0.9925743270107349
32.29,0.9932490230962928
32.3,0.9938915907968241
32.31,0.9945020301123288
32.32,0.9950803410428071
32.33,0.9956265235882586
32.34,0.9961405777486837
32.35,0.9966225035240822
32.36,0.9970723009144541
32.37,0.9974899699197995
32.38,0.9978755105401184
32.39,0.9982289227754105
32.4,0.9985502066256762
32.410000000000004,0.9988393620909153
32.42,0.9990963891711279
32.43,0.9993212878663138
32.44,0.9995140581764732
32.45,0.999674700101606
32.46,0.9998032136417123
32.47,0.999899598796792
32.480000000000004,0.9999638555668451
32.49,0.9999959839518717
32.5,0.9999959839518717
32.51,0.9999638555668451
32.52,0.999899598796792
32.53,0.9998032136417123
32.54,0.999674700101606
32.55,0.9995140581764732
32.56,0.9993212878663138
32.57,0.9990963891711279
32.58,0.9988393620909153
32.59,0.9985502066256762
32.6,0.9982289227754105
32.61,0.9978755105401184
32.62,0.9974899699197995
32.63,0.9970723009144542
32.64,0.9966225035240822
32.65,0.9961405777486837
32.660000000000004,0.9956265235882586
32.67,0.9950803410428071
32.68,0.9945020301123288
32.69,0.9938915907968241
32.7,0.9932490230962928
32.71,0.9925743270107349
32.72,0.9918675025401504
32.730000000000004,0.9911285496845395
32.74,0.9903574684439018
32.75,0.9895542588182377
32.76,0.988718920807547
32.77,0.9878514544118296
32.78,0.9869518596310858
32.79,0.9860201364653154
32.8,0.9850562849145185
32.81,0.9840603049786949
32.82,0.9830321966578447
32.83,0.9819719599519681
32.84,0.9808795948610649
32.85,0.979755101385135
32.86,0.9785984795241786
32.87,0.9774097292781957
32.88,0.9761888506471862
32.89,0.97493584363115
32.9,0.9736507082300874
32.910000000000004,0.9723334444439983
32.92,0.9709840522728825
32.93,0.96960253171674
32.94,0.9681888827755711
32.95,0.9667431054493758
32.96,0.9652651997381537
32.97,0.963755165641905
32.980000000000004,0.9622130031606299
32.99,0.9606387122943282
33.0,0.9590322930429999
33.01,0.9573937454066449
33.02,0.9557230693852635
33.03,0.9540202649788556
33.04,0.952285332187421
33.05,0.9505182710109598
33.06,0.9487190814494721
33.07,0.9468877635029579
33.08,0.945024317171417
33.09,0.9431287424548496
33.1,0.9412010393532556
33.11,0.9392412078666351
33.12,0.937249247994988
33.13,0.9352251597383143
33.14,0.9331689430966141
33.15,0.9310805980698873
33.160000000000004,0.9289601246581339
33.17,0.926807522861354
33.18,0.9246227926795475
33.19,0.9224059341127144
33.2,0.9201569471608548
33.21,0.9178758318239686
33.22,0.9155625881020558
33.230000000000004,0.9132172159951165
33.24,0.9108397155031506
33.25,0.9084300866261581
33.26,0.9059883293641391
33.27,0.9035144437170936
33.28,0.9010084296850214
33.29,0.8984702872679227
33.3,0.8959000164657973
33.31,0.8932976172786457
33.32,0.890663089706467
33.33,0.8879964337492621
33.34,0.8852976494070305
33.35,0.8825667366797725
33.36,0.8798036955674877
33.37,0.8770085260701764
33.38,0.8741812281878386
33.39,0.8713218019204744
33.4,0.8684302472680833
33.410000000000004,0.8655065642306657
33.42,0.8625507528082218
33.43,0.8595628130007511
33.44,0.8565427448082538
33.45,0.85349054823073
33.46,0.8504062232681797
33.47,0.8472897699206029
33.480000000000004,0.8441411881879992
33.49,0.8409604780703691
33.5,0.8377476395677127
33.51,0.8345026726800295
33.52,0.8312255774073196
33.53,0.8279163537495835
33.54,0.8245750017068205
33.55,0.8212015212790311
33.56,0.8177959124662149
33.57,0.8143581752683725
33.58,0.8108883096855034
33.59,0.8073863157176077
33.6,0.8038521933646852
33.61,0.8002859426267366
33.62,0.7966875635037611
33.63,0.7930570559957592
33.64,0.7893944201027305
33.65,0.7856996558246755
33.660000000000004,0.7819727631615938
33.67,0.7782137421134856
33.68,0.7744225926803507
33.69,0.7705993148621894
33.7,0.7667439086590014
33.71,0.762856374070787
33.72,0.7589367110975458
33.730000000000004,0.7549849197392782
33.74,0.751000999995984
33.75,0.7469849518676632
33.76,0.7429367753543159
33.77,0.7388564704559419
33.78,0.7347440371725416
33.79,0.7305994755041145
33.8,0.7264227854506609
33.81,0.7222139670121808
33.82,0.717973020188674
33.83,0.7136999449801407
33.84,0.7093947413865809
33.85,0.7050574094079944
33.86,0.7006879490443816
33.87,0.6962863602957419
33.88,0.6918526431620757
33.89,0.687386797643383
33.9,0.682888823739664
33.910000000000004,0.6783587214509179
33.92,0.6737964907771454
33.93,0.6692021317183465
33.94,0.6645756442745212
33.95,0.6599170284456688
33.96,0.6552262842317902
33.97,0.6505034116328852
33.980000000000004,0.6457484106489535
33.99,0.6409612812799947
34.0,0.6361420235260101
34.01,0.6312906373869986
34.02,0.6264071228629606
34.03,0.6214914799538958
34.04,0.6165437086598045
34.05,0.6115638089806867
34.06,0.6065517809165427
34.07,0.6015076244673718
34.08,0.5964313396331744
34.09,0.5913229264139503
34.1,0.5861823848096998
34.11,0.5810097148204223
34.12,0.5758049164461185
34.13,0.5705679896867883
34.14,0.5652989345424317
34.15,0.5599977510130483
34.160000000000004,0.5546644390986384
34.17,0.5492989987992017
34.18,0.5439014301147387
34.19,0.5384717330452486
34.2,0.5330099075907324
34.21,0.5275159537511902
34.22,0.5219898715266205
34.230000000000004,0.5164316609170245
34.24,0.510841321922402
34.25,0.505218854542753
34.26,0.4995642587780773
34.27,0.4938775346283748
34.28,0.48815868209364666
34.29,0.4824077011738913
34.300000000000004,0.476624591869109
34.31,0.4708093541793006
34.32,0.46496198810446554
34.33,0.45908249364460385
34.34,0.45317087079971574
34.35,0.44722711956980066
34.36,0.44125123995486004
34.37,0.4352432319548921
34.38,0.42920309556989733
34.39,0.42313083079987635
34.4,0.4170264376448287
34.410000000000004,0.41088991610475456
34.42,0.40472126617965387
34.43,0.398520487869527
34.44,0.3922875811743731
34.45,0.38602254609419273
34.46,0.37972538262898536
34.47,0.3733960907787519
34.480000000000004,0.3670346705434918
34.49,0.3606411219232051
34.5,0.35421544491789225
34.51,0.34775763952755245
34.52,0.341267705752186
34.53,0.33474564359179315
34.54,0.3281914530463732
34.550000000000004,0.32160513411592717
34.56,0.3149866868004545
34.57,0.3083361110999553
34.58,0.3016534070144299
34.59,0.2949385745438776
34.6,0.2881916136882987
34.61,0.28141252444769327
34.62,0.27460130682206085
34.63,0.26775796081140224
34.64,0.2608824864157171
34.65,0.25397488363500575
34.660000000000004,0.24703515246926744
34.67,0.2400632929185026
34.68,0.2330593049827111
34.69,0.22602318866189308
34.7,0.2189549439560482
34.71,0.211854570865177
34.72,0.20472206938928017
34.730000000000004,0.19755743952835547
34.74,0.1903606812824047
34.75,0.18313179465142726
34.76,0.1758707796354233
34.77,0.1685776362343928
34.78,0.16125236444833535
34.79,0.1538949642772517
34.800000000000004,0.14650543572114227
34.81,0.139083778780005
34.82,0.13162999345384163
34.83,0.12414407974265174
34.84,0.11662603764643531
34.85,0.10907586716519224
34.86,0.1014935682989222
34.87,0.09387914104762685
34.88,0.08623258541130407
34.89,0.07855390138995433
34.9,0.0708430889835785
34.910000000000004,0.06310014819217602
34.92,0.055325079015747014
34.93,0.047517881454291366
34.94,0.03967855550780963
34.95,0.03180710117630092
34.96,0.023903518459765682
34.97,0.015967807358203356
34.980000000000004,0.007999967871614944
34.99,0.0
35.0,0.0
35.01,0.0
35.02,0.0
35.03,0.0
35.04,0.0
35.050000000000004,0.0
35.06,0.0
35.07,0.0
35.08,0.0
35.09,0.0
35.1,0.0
35.11,0.0
35.12,0.0
35.13,0.0
35.14,0.0
35.15,0.0
35.160000000000004,0.0
35.17,0.0
35.18,0.0
35.19,0.0
35.2,0.0
35.21,0.0
35.22,0.0
35.230000000000004,0.0
35.24,0.0
35.25,0.0
35.26,0.0
35.27,0.0
35.28,0.0
35.29,0.0
35.300000000000004,0.0
35.31,0.0
35.32,0.0
35.33,0.0
35.34,0.0
35.35,0.0
35.36,0.0
35.37,0.0
35.38,0.0
35.39,0.0
35.4,0.0
35.410000000000004,0.0
35.42,0.0
35.43,0.0
35.44,0.0
35.45,0.0
35.46,0.0
35.47,0.0
35.480000000000004,0.0
35.49,0.0
35.5,0.0
35.51,0.0
35.52,0.0
35.53,0.0
35.54,0.0
35.550000000000004,0.0
35.56,0.0
35.57,0.0
35.58,0.0
35.59,0.0
35.6,0.0
35.61,0.0
35.62,0.0
35.63,0.0
35.64,0.0
35.65,0.0
35.660000000000004,0.0
35.67,0.0
35.68,0.0
35.69,0.0
35.7,0.0
35.71,0.0
35.72,0.0
35.730000000000004,0.0
35.74,0.0
35.75,0.0
35.76,0.0
35.77,0.0
35.78,0.0
35.79,0.0
35.800000000000004,0.0
35.81,0.0
35.82,0.0
35.83,0.0
35.84,0.0
35.85,0.0
35.86,0.0
35.87,0.0
35.88,0.0
35.89,0.0
35.9,0.0
35.910000000000004,0.0
35.92,0.0
35.93,0.0
35.94,0.0
35.95,0.0
35.96,0.0
35.97,0.0
35.980000000000004,0.0
35.99,0.0
36.0,0.0
36.01,0.0
36.02,0.0
36.03,0.0
36.04,0.0
36.050000000000004,0.0
36.06,0.0
36.07,0.0
36.08,0.0
36.09,0.0
36.1,0.0
36.11,0.0
36.12,0.0
36.13,0.0
36.14,0.0
36.15,0.0
36.160000000000004,0.0
36.17,0.0
36.18,0.0
36.19,0.0
36.2,0.0
36.21,0.0
36.22,0.0
36.230000000000004,0.0
36.24,0.0
36.25,0.0
36.26,0.0
36.27,0.0
36.28,0.0
36.29,0.0
36.300000000000004,0.0
36.31,0.0
36.32,0.0
36.33,0.0
36.34,0.0
36.35,0.0
36.36,0.0
36.37,0.0
36.38,0.0
36.39,0.0
36.4,0.0
36.410000000000004,0.0
36.42,0.0
36.43,0.0
36.44,0.0
36.45,0.0
36.46,0.0
36.47,0.0
36.480000000000004,0.0
36.49,0.0
36.5,0.0
36.51,0.0
36.52,0.0
36.53,0.0
36.54,0.0
36.550000000000004,0.0
36.56,0.0
36.57,0.0
36.58,0.0
36.59,0.0
36.6,0.0
36.61,0.0
36.62,0.0
36.63,0.0
36.64,0.0
36.65,0.0
36.660000000000004,0.0
36.67,0.0
36.68,0.0
36.69,0.0
36.7,0.0
36.71,0.0
36.72,0.0
36.730000000000004,0.0
36.74,0.0
36.75,0.0
36.76,0.0
36.77,0.0
36.78,0.0
36.79,0.0
36.800000000000004,0.0
36.81,0.0
36.82,0.0
36.83,0.0
36.84,0.0
36.85,0.0
36.86,0.0
36.87,0.0
36.88,0.0
36.89,0.0
36.9,0.0
36.910000000000004,0.0
36.92,0.0
36.93,0.0
36.94,0.0
36.95,0.0
36.96,0.0
36.97,0.0
36.980000000000004,0.0
36.99,0.0
37.0,0.0
37.01,0.0
37.02,0.0
37.03,0.0
37.04,0.0
37.050000000000004,0.0
37.06,0.0
37.07,0.0
37.08,0.0
37.09,0.0
37.1,0.0
37.11,0.0
37.12,0.0
37.13,0.0
37.14,0.0
37.15,0.0
37.160000000000004,0.0
37.17,0.0
37.18,0.0
37.19,0.0
37.2,0.0
37.21,0.0
37.22,0.0
37.230000000000004,0.0
37.24,0.0
37.25,0.0
37.26,0.0
37.27,0.0
37.28,0.0
37.29,0.0
37.300000000000004,0.0
37.31,0.0
37.32,0.0
37.33,0.0
37.34,0.0
37.35,0.0
37.36,0.0
37.37,0.0
37.38,0.0
37.39,0.0
37.4,0.0
37.410000000000004,0.0
37.42,0.0
37.43,0.0
37.44,0.0
37.45,0.0
37.46,0.0
37.47,0.0
37.480000000000004,0.0
37.49,0.0
37.5,0.0
37.51,0.0
37.52,0.0
37.53,0.0
37.54,0.0
37.550000000000004,0.0
37.56,0.0
37.57,0.0
37.58,0.0
37.59,0.0
37.6,0.0
37.61,0.0
37.62,0.0
37.63,0.0
37.64,0.0
37.65,0.0
37.660000000000004,0.0
37.67,0.0
37.68,0.0
37.69,0.0
37.7,0.0
37.71,0.0
37.72,0.0
37.730000000000004,0.0
37.74,0.0
37.75,0.0
37.76,0.0
37.77,0.0
37.78,0.0
37.79,0.0
37.800000000000004,0.0
37.81,0.0
37.82,0.0
37.83,0.0
37.84,0.0
37.85,0.0
37.86,0.0
37.87,0.0
37.88,0.0
37.89,0.0
37.9,0.0
37.910000000000004,0.0
37.92,0.0
37.93,0.0
37.94,0.0
37.95,0.0
37.96,0.0
37.97,0.0
37.980000000000004,0.0
37.99,0.0
38.0,0.0
38.01,0.0
38.02,0.0
38.03,0.0
38.04,0.0
38.050000000000004,0.0
38.06,0.0
38.07,0.0
38.08,0.0
38.09,0.0
38.1,0.0
38.11,0.0
38.12,0.0
38.13,0.0
38.14,0.0
38.15,0.0
38.160000000000004,0.0
38.17,0.0
38.18,0.0
38.19,0.0
38.2,0.0
38.21,0.0
38.22,0.0
38.230000000000004,0.0
38.24,0.0
38.25,0.0
38.26,0.0
38.27,0.0
38.28,0.0
38.29,0.0
38.300000000000004,0.0
38.31,0.0
38.32,0.0
38.33,0.0
38.34,0.0
38.35,0.0
38.36,0.0
38.37,0.0
38.38,0.0
38.39,0.0
38.4,0.0
38.410000000000004,0.0
38.42,0.0
38.43,0.0
38.44,0.0
38.45,0.0
38.46,0.0
38.47,0.0
38.480000000000004,0.0
38.49,0.0
38.5,0.0
38.51,0.0
38.52,0.0
38.53,0.0
38.54,0.0
38.550000000000004,0.0
38.56,0.0
38.57,0.0
38.58,0.0
38.59,0.0
38.6,0.0
38.61,0.0
38.62,0.0
38.63,0.0
38.64,0.0
38.65,0.0
38.660000000000004,0.0
38.67,0.0
38.68,0.0
38.69,0.0
38.7,0.0
38.71,0.0
38.72,0.0
38.730000000000004,0.0
38.74,0.0
38.75,0.0
38.76,0.0
38.77,0.0
38.78,0.0
38.79,0.0
38.800000000000004,0.0
38.81,0.0
38.82,0.0
38.83,0.0
38.84,0.0
38.85,0.0
38.86,0.0
38.87,0.0
38.88,0.0
38.89,0.0
38.9,0.0
38.910000000000004,0.0
38.92,0.0
38.93,0.0
38.94,0.0
38.95,0.0
38.96,0.0
38.97,0.0
38.980000000000004,0.0
38.99,0.0
39.0,0.0
39.01,0.0
39.02,0.0
39.03,0.0
39.04,0.0
39.050000000000004,0.0
39.06,0.0
39.07,0.0
39.08,0.0
39.09,0.0
39.1,0.0
39.11,0.0
39.12,0.0
39.13,0.0
39.14,0.0
39.15,0.0
39.160000000000004,0.0
39.17,0.0
39.18,0.0
39.19,0.0
39.2,0.0
39.21,0.0
39.22,0.0
39.230000000000004,0.0
39.24,0.0
39.25,0.0
39.26,0.0
39.27,0.0
39.28,0.0
39.29,0.0
39.300000000000004,0.0
39.31,0.0
39.32,0.0
39.33,0.0
39.34,0.0
39.35,0.0
39.36,0.0
39.37,0.0
39.38,0.0
39.39,0.0
39.4,0.0
39.410000000000004,0.0
39.42,0.0
39.43,0.0
39.44,0.0
39.45,0.0
39.46,0.0
39.47,0.0
39.480000000000004,0.0
39.49,0.0
39.5,0.0
39.51,0.0
39.52,0.0
39.53,0.0
39.54,0.0
39.550000000000004,0.0
39.56,0.0
39.57,0.0
39.58,0.0
39.59,0.0
39.6,0.0
39.61,0.0
39.62,0.0
39.63,0.0
39.64,0.0
39.65,0.0
39.660000000000004,0.0
39.67,0.0
39.68,0.0
39.69,0.0
39.7,0.0
39.71,0.0
39.72,0.0
39.730000000000004,0.0
39.74,0.0
39.75,0.0
39.76,0.0
39.77,0.0
39.78,0.0
39.79,0.0
39.800000000000004,0.0
39.81,0.0
39.82,0.0
39.83,0.0
39.84,0.0
39.85,0.0
39.86,0.0
39.87,0.0
39.88,0.0
39.89,0.0
39.9,0.0
39.910000000000004,0.0
39.92,0.0
39.93,0.0
39.94,0.0
39.95,0.0
39.96,0.0
39.97,0.0
39.980000000000004,0.0
39.99,0.0
40.0,0.0
40.01,0.0
40.02,0.0
40.03,0.0
40.04,0.0
40.050000000000004,0.0
40.06,0.0
40.07,0.0
40.08,0.0
40.09,0.0
40.1,0.0
40.11,0.0
40.12,0.0
40.13,0.0
40.14,0.0
40.15,0.0
40.160000000000004,0.0
40.17,0.0
40.18,0.0
40.19,0.0
40.2,0.0
40.21,0.0
40.22,0.0
40.230000000000004,0.0
40.24,0.0
40.25,0.0
40.26,0.0
40.27,0.0
40.28,0.0
40.29,0.0
40.300000000000004,0.0
40.31,0.0
40.32,0.0
40.33,0.0
40.34,0.0
40.35,0.0
40.36,0.0
40.37,0.0
40.38,0.0
40.39,0.0
40.4,0.0
40.410000000000004,0.0
40.42,0.0
40.43,0.0
40.44,0.0
40.45,0.0
40.46,0.0
40.47,0.0
40.480000000000004,0.0
40.49,0.0
40.5,0.0
40.51,0.0
40.52,0.0
40.53,0.0
40.54,0.0
40.550000000000004,0.0
40.56,0.0
40.57,0.0
40.58,0.0
40.59,0.0
40.6,0.0
40.61,0.0
40.62,0.0
40.63,0.0
40.64,0.0
40.65,0.0
40.660000000000004,0.0
40.67,0.0
40.68,0.0
40.69,0.0
40.7,0.0
40.71,0.0
40.72,0.0
40.730000000000004,0.0
40.74,0.0
40.75,0.0
40.76,0.0
40.77,0.0
40.78,0.0
40.79,0.0
40.800000000000004,0.0
40.81,0.0
40.82,0.0
40.83,0.0
40.84,0.0
40.85,0.0
40.86,0.0
40.87,0.0
40.88,0.0
40.89,0.0
40.9,0.0
40.910000000000004,0.0
40.92,0.0
40.93,0.0
40.94,0.0
40.95,0.0
40.96,0.0
40.97,0.0
40.980000000000004,0.0
40.99,0.0
41.0,0.0
41.01,0.0
41.02,0.0
41.03,0.0
41.04,0.0
41.050000000000004,0.0
41.06,0.0
41.07,0.0
41.08,0.0
41.09,0.0
41.1,0.0
41.11,0.0
41.12,0.0
41.13,0.0
41.14,0.0
41.15,0.0
41.160000000000004,0.0
41.17,0.0
41.18,0.0
41.19,0.0
41.2,0.0
41.21,0.0
41.22,0.0
41.230000000000004,0.0
41.24,0.0
41.25,0.0
41.26,0.0
41.27,0.0
41.28,0.0
41.29,0.0
41.300000000000004,0.0
41.31,0.0
41.32,0.0
41.33,0.0
41.34,0.0
41.35,0.0
41.36,0.0
41.37,0.0
41.38,0.0
41.39,0.0
41.4,0.0
41.410000000000004,0.0
41.42,0.0
41.43,0.0
41.44,0.0
41.45,0.0
41.46,0.0
41.47,0.0
41.480000000000004,0.0
41.49,0.0
41.5,0.0
41.51,0.0
41.52,0.0
41.53,0.0
41.54,0.0
41.550000000000004,0.0
41.56,0.0
41.57,0.0
41.58,0.0
41.59,0.0
41.6,0.0
41.61,0.0
41.62,0.0
41.63,0.0
41.64,0.0
41.65,0.0
41.660000000000004,0.0
41.67,0.0
41.68,0.0
41.69,0.0
41.7,0.0
41.71,0.0
41.72,0.0
41.730000000000004,0.0
41.74,0.0
41.75,0.0
41.76,0.0
41.77,0.0
41.78,0.0
41.79,0.0
41.800000000000004,0.0
41.81,0.0
41.82,0.0
41.83,0.0
41.84,0.0
41.85,0.0
41.86,0.0
41.87,0.0
41.88,0.0
41.89,0.0
41.9,0.0
41.910000000000004,0.0
41.92,0.0
41.93,0.0
41.94,0.0
41.95,0.0
41.96,0.0
41.97,0.0
41.980000000000004,0.0
41.99,0.0
42.0,0.0
42.01,0.0
42.02,0.0
42.03,0.0
42.04,0.0
42.050000000000004,0.0
42.06,0.0
42.07,0.0
42.08,0.0
42.09,0.0
42.1,0.0
42.11,0.0
42.12,0.0
42.13,0.0
42.14,0.0
42.15,0.0
42.160000000000004,0.0
42.17,0.0
42.18,0.0
42.19,0.0
42.2,0.0
42.21,0.0
42.22,0.0
42.230000000000004,0.0
42.24,0.0
42.25,0.0
42.26,0.0
42.27,0.0
42.28,0.0
42.29,0.0
42.300000000000004,0.0
42.31,0.0
42.32,0.0
42.33,0.0
42.34,0.0
42.35,0.0
42.36,0.0
42.37,0.0
42.38,0.0
42.39,0.0
42.4,0.0
42.410000000000004,0.0
42.42,0.0
42.43,0.0
42.44,0.0
42.45,0.0
42.46,0.0
42.47,0.0
42.480000000000004,0.0
42.49,0.0
42.5,0.0
42.51,0.0
42.52,0.0
42.53,0.0
42.54,0.0
42.550000000000004,0.0
42.56,0.0
42.57,0.0
42.58,0.0
42.59,0.0
42.6,0.0
42.61,0.0
42.62,0.0
42.63,0.0
42.64,0.0
42.65,0.0
42.660000000000004,0.0
42.67,0.0
42.68,0.0
42.69,0.0
42.7,0.0
42.71,0.0
42.72,0.0
42.730000000000004,0.0
42.74,0.0
42.75,0.0
42.76,0.0
42.77,0.0
42.78,0.0
42.79,0.0
42.800000000000004,0.0
42.81,0.0
42.82,0.0
42.83,0.0
42.84,0.0
42.85,0.0
42.86,0.0
42.87,0.0
42.88,0.0
42.89,0.0
42.9,0.0
42.910000000000004,0.0
42.92,0.0
42.93,0.0
42.94,0.0
42.95,0.0
42.96,0.0
42.97,0.0
42.980000000000004,0.0
42.99,0.0
43.0,0.0
43.01,0.0
43.02,0.0
43.03,0.0
43.04,0.0
43.050000000000004,0.0
43.06,0.0
43.07,0.0
43.08,0.0
43.09,0.0
43.1,0.0
43.11,0.0
43.12,0.0
43.13,0.0
43.14,0.0
43.15,0.0
43.160000000000004,0.0
43.17,0.0
43.18,0.0
43.19,0.0
43.2,0.0
43.21,0.0
43.22,0.0
43.230000000000004,0.0
43.24,0.0
43.25,0.0
43.26,0.0
43.27,0.0
43.28,0.0
43.29,0.0
43.300000000000004,0.0
43.31,0.0
43.32,0.0
43.33,0.0
43.34,0.0
43.35,0.0
43.36,0.0
43.37,0.0
43.38,0.0
43.39,0.0
43.4,0.0
43.410000000000004,0.0
43.42,0.0
43.43,0.0
43.44,0.0
43.45,0.0
43.46,0.0
43.47,0.0
43.480000000000004,0.0
43.49,0.0
43.5,0.0
43.51,0.0
43.52,0.0
43.53,0.0
43.54,0.0
43.550000000000004,0.0
43.56,0.0
43.57,0.0
43.58,0.0
43.59,0.0
43.6,0.0
43.61,0.0
43.62,0.0
43.63,0.0
43.64,0.0
43.65,0.0
43.660000000000004,0.0
43.67,0.0
43.68,0.0
43.69,0.0
43.7,0.0
43.71,0.0
43.72,0.0
43.730000000000004,0.0
43.74,0.0
43.75,0.0
43.76,0.0
43.77,0.0
43.78,0.0
43.79,0.0
43.800000000000004,0.0
43.81,0.0
43.82,0.0
43.83,0.0
43.84,0.0
43.85,0.0
43.86,0.0
43.87,0.0
43.88,0.0
43.89,0.0
43.9,0.0
43.910000000000004,0.0
43.92,0.0
43.93,0.0
43.94,0.0
43.95,0.0
43.96,0.0
43.97,0.0
43.980000000000004,0.0
43.99,0.0
44.0,0.0
44.01,0.0
44.02,0.0
44.03,0.0
44.04,0.0
44.050000000000004,0.0
44.06,0.0
44.07,0.0
44.08,0.0
44.09,0.0
44.1,0.0
44.11,0.0
44.12,0.0
44.13,0.0
44.14,0.0
44.15,0.0
44.160000000000004,0.0
44.17,0.0
44.18,0.0
44.19,0.0
44.2,0.0
44.21,0.0
44.22,0.0
44.230000000000004,0.0
44.24,0.0
44.25,0.0
44.26,0.0
44.27,0.0
44.28,0.0
44.29,0.0
44.300000000000004,0.0
44.31,0.0
44.32,0.0
44.33,0.0
44.34,0.0
44.35,0.0
44.36,0.0
44.37,0.0
44.38,0.0
44.39,0.0
44.4,0.0
44.410000000000004,0.0
44.42,0.0
44.43,0.0
44.44,0.0
44.45,0.0
44.46,0.0
44.47,0.0
44.480000000000004,0.0
44.49,0.0
44.5,0.0
44.51,0.0
44.52,0.0
44.53,0.0
44.54,0.0
44.550000000000004,0.0
44.56,0.0
44.57,0.0
44.58,0.0
44.59,0.0
44.6,0.0
44.61,0.0
44.62,0.0
44.63,0.0
44.64,0.0
44.65,0.0
44.660000000000004,0.0
44.67,0.0
44.68,0.0
44.69,0.0
44.7,0.0
44.71,0.0
44.72,0.0
44.730000000000004,0.0
44.74,0.0
44.75,0.0
44.76,0.0
44.77,0.0
44.78,0.0
44.79,0.0
44.800000000000004,0.0
44.81,0.0
44.82,0.0
44.83,0.0
44.84,0.0
44.85,0.0
44.86,0.0
44.87,0.0
44.88,0.0
44.89,0.0
44.9,0.0
44.910000000000004,0.0
44.92,0.0
44.93,0.0
44.94,0.0
44.95,0.0
44.96,0.0
44.97,0.0
44.980000000000004,0.0
44.99,0.0
